Date,Code,Name,TradeVolume,TradeValue,OpeningPrice,HighestPrice,LowestPrice,ClosingPrice,Change,Transaction
1150707,00400A,主動國泰動能高息,124304652,1817008012,15.00,15.01,14.30,14.35,-0.6500,32041
1150707,00401A,主動摩根台灣鑫收,4862907,65445628,13.73,14.00,13.24,13.25,-0.4700,1220
1150707,00402A,主動安聯美國科技,8164452,79821861,9.80,9.83,9.74,9.74,-0.0600,2265
1150707,00403A,主動統一升級50,422831712,4487849426,10.98,10.98,10.41,10.45,-0.4800,106655
1150707,00404A,主動聯博動能50,10163730,102578057,10.27,10.29,9.96,9.99,-0.2700,2158
1150707,00405A,主動富邦台灣龍耀,286915853,2532735975,9.20,9.20,8.65,8.65,-0.5000,73370
1150707,00406A,主動中信台灣收益,37201515,370911755,10.24,10.26,9.83,9.86,-0.3700,9361
1150707,00407A,主動凱基台灣,191979713,1849735731,9.87,9.88,9.49,9.50,-0.3500,45075
1150707,0050,元大台灣50,124629074,13347653985,108.55,109.05,105.85,106.20,-2.0500,235518
1150707,0051,元大中型100,91823,13446747,149.50,149.50,144.00,144.00,-5.5000,874
1150707,0052,富邦科技,24464406,1540385749,63.80,64.00,62.05,62.20,-1.3500,24068
1150707,0053,元大電子,65655,15993918,246.40,247.50,237.65,237.65,-8.9000,1967
1150707,0055,元大MSCI金融,569715,24246333,42.09,42.89,42.09,42.37,0.2800,750
1150707,0056,元大高股息,90628906,4763279755,53.25,53.60,51.95,52.15,-1.1000,75167
1150707,0057,富邦摩台,23982,7630556,320.75,321.60,315.40,316.05,-6.4000,1286
1150707,0061,元大寶滬深,115843,2913590,25.22,25.22,24.90,24.91,-0.3100,169
1150707,006203,元大MSCI台灣,65836,12868169,197.00,198.20,193.00,193.40,-3.2500,131
1150707,006204,永豐臺灣加權,3432,793008,230.20,230.20,229.40,229.40,-5.4000,124
1150707,006205,富邦上証,139160,5753238,41.70,41.70,40.95,41.05,-0.6800,238
1150707,006206,元大上證50,22773,857757,37.46,37.92,37.40,37.40,-0.5500,91
1150707,006207,復華滬深,362553,12156081,33.69,33.69,33.20,33.35,-0.5100,143
1150707,006208,富邦台50,5087336,1266173811,251.60,253.15,246.05,246.50,-4.8500,22832
1150707,00625K,富邦上証+R,0,0,0.00,0.00,0.00,0.00,0.0000,0
1150707,00631L,元大台灣50正2,363737617,13881390830,39.00,39.35,37.06,37.19,-1.5600,134689
1150707,00632R,元大台灣50反1,170735671,1715260019,9.90,10.18,9.87,10.18,0.2600,18107
1150707,00633L,富邦上証正2,2360911,116422774,49.73,50.00,48.55,49.10,-0.6300,619
1150707,00634R,富邦上証反1,288999,902046,3.12,3.14,3.10,3.14,0.0300,27
1150707,00635U,期元大S&P黃金,2933519,126414969,43.27,43.27,42.98,43.00,-0.3500,2706
1150707,00636,國泰中國A50,350588,9871760,28.16,28.37,27.91,28.10,-0.1900,244
1150707,00636K,國泰中國A50+U,200,1766,8.83,8.83,8.83,8.83,-0.0600,2
1150707,00637L,元大滬深300正2,19370639,396180621,20.61,20.74,20.13,20.39,-0.2200,2405
1150707,00638R,元大滬深300反1,180216,1210707,6.71,6.78,6.68,6.74,0.0400,26
1150707,00639,富邦深100,1426814,25515313,18.00,18.05,17.63,17.79,-0.3100,408
1150707,00640L,富邦日本正2,128083,13841469,109.40,109.40,106.85,107.20,-1.3000,124
1150707,00641R,富邦日本反1,2957599,11080813,3.71,3.83,3.71,3.83,0.1100,152
1150707,00642U,期元大S&P石油,2949285,66512007,22.51,22.66,22.45,22.65,0.1700,542
1150707,00643,群益深証中小,2262598,45437637,20.20,20.27,19.88,20.02,-0.2900,179
1150707,00643K,群益深証中小+R,0,0,0.00,0.00,0.00,0.00,0.0000,0
1150707,00645,富邦日本,428765,24644625,57.80,58.00,57.20,57.30,-0.5500,343
1150707,00646,元大S&P500,2559271,194287018,75.75,76.05,75.75,75.90,0.2500,2568
1150707,00647L,元大S&P500正2,73870,9999646,135.30,135.80,135.25,135.35,0.6500,90
1150707,00648R,元大S&P500反1,1867513,7493482,4.01,4.02,4.00,4.02,0.0000,86
1150707,00650L,復華香港正2,6723922,100341322,14.85,15.15,14.69,14.77,-0.0400,964
1150707,00651R,復華香港反1,458497,2583010,5.61,5.66,5.58,5.66,0.0400,28
1150707,00652,富邦印度,312838,10539318,33.61,33.74,33.61,33.66,0.0100,294
1150707,00653L,富邦印度正2,233379,11276011,48.19,48.50,48.01,48.28,0.2100,118
1150707,00654R,富邦印度反1,48000,318450,6.52,6.67,6.52,6.63,-0.0300,10
1150707,00655L,國泰中國A50正2,993863,34037197,34.42,34.80,33.75,34.23,-0.3600,223
1150707,00656R,國泰中國A50反1,364000,2159210,5.93,5.98,5.90,5.98,0.0800,10
1150707,00657,國泰日經225,109437,8842340,80.85,80.90,79.70,79.70,-1.5000,85
1150707,00657K,國泰日經225+U,200,5002,25.01,25.01,25.01,25.01,-0.3100,2
1150707,00660,元大歐洲50,3235,151130,46.88,46.88,46.80,46.80,-0.1500,90
1150707,00661,元大日經225,137015,12131540,89.25,89.40,87.90,87.95,-1.7500,293
1150707,00662,富邦NASDAQ,3865097,469552556,121.75,121.95,120.95,121.05,-0.6500,4583
1150707,00663L,國泰臺灣加權正2,22104201,2427188317,112.60,113.70,106.50,106.70,-5.4500,9122
1150707,00664R,國泰臺灣加權反1,23083731,37472248,1.61,1.65,1.59,1.65,0.0400,1063
1150707,00665L,富邦恒生國企正2,29803674,243046312,8.13,8.31,8.01,8.06,-0.0300,2174
1150707,00666R,富邦恒生國企反1,26610,261713,9.77,9.93,9.77,9.93,0.0300,14
1150707,00668,國泰美國道瓊,32447,2017792,62.15,62.30,62.10,62.15,0.1000,126
1150707,00668K,國泰美國道瓊+U,200,3884,19.42,19.42,19.42,19.42,0.0800,2
1150707,00669R,國泰美國道瓊反1,1001131,5224471,5.22,5.23,5.21,5.23,0.0100,99
1150707,00670L,富邦NASDAQ正2,831949,169883429,205.60,206.05,202.45,202.45,-2.8000,1155
1150707,00671R,富邦NASDAQ反1,4135800,10113345,2.44,2.46,2.42,2.46,0.0200,182
1150707,00673R,期元大S&P原油反1,10593658,170291370,16.11,16.16,16.02,16.03,-0.1400,835
1150707,00674R,期元大S&P黃金反1,190003,5654650,29.70,29.87,29.67,29.83,0.1700,88
1150707,00675L,富邦臺灣加權正2,3195514,1061758251,340.85,344.50,322.60,323.55,-16.2500,4371
1150707,00676R,富邦臺灣加權反1,10065867,55988282,5.47,5.62,5.45,5.61,0.1400,743
1150707,00678,群益那斯達克生技,610745,25381444,41.79,41.79,41.47,41.59,-0.2000,167
1150707,00680L,元大美債20正2,10874539,75254098,6.94,6.95,6.90,6.90,-0.0800,597
1150707,00681R,元大美債20反1,69000,1457620,21.07,21.18,21.07,21.18,0.1600,4
1150707,00682U,期元大美元指數,1000,20780,20.78,20.78,20.78,20.78,-0.0100,1
1150707,00683L,期元大美元指正2,2155,47384,21.98,21.99,21.98,21.99,-0.0500,5
1150707,00684R,期元大美元指反1,6000,89700,14.95,14.95,14.95,14.95,0.0000,2
1150707,00685L,群益臺灣加權正2,1219967570,15490543025,13.09,13.10,12.19,12.23,-0.5200,292821
1150707,00686R,群益臺灣加權反1,21222169,21024783,0.99,1.01,0.97,1.00,0.0100,338
1150707,00688L,國泰20年美債正2,3111197,21437426,6.89,6.91,6.86,6.86,-0.0800,264
1150707,00689R,國泰20年美債反1,64000,1415820,22.13,22.13,22.08,22.13,0.1200,4
1150707,00690,兆豐藍籌30,783206,62349657,81.50,81.70,78.40,78.70,-2.9500,1065
1150707,00692,富邦公司治理,866616,80720734,93.60,94.20,91.85,91.95,-1.5500,1560
1150707,00693U,期街口S&P黃豆,1009613,22023370,21.75,21.88,21.75,21.79,0.4000,332
1150707,00700,富邦恒生國企,221180,3558231,16.06,16.26,15.97,16.02,-0.0400,214
1150707,00701,國泰股利精選30,585702,23061668,39.34,39.80,38.89,39.07,-0.2600,558
1150707,00702,國泰標普低波高息,114775,2881595,25.10,25.12,25.10,25.10,0.0000,85
1150707,00703,台新MSCI中國,140329,2627026,18.70,18.88,18.56,18.56,-0.0800,80
1150707,00706L,期元大S&P日圓正2,1075220,19913364,18.48,18.57,18.46,18.51,0.0000,253
1150707,00707R,期元大S&P日圓反1,0,0,0.00,0.00,0.00,0.00,0.0000,0
1150707,00708L,期元大S&P黃金正2,3601673,265124163,74.00,74.20,73.15,73.30,-1.0000,1999
1150707,00709,富邦歐洲,55975,2254632,40.30,40.50,40.23,40.25,-0.3800,223
1150707,00710B,復華彭博非投等債,493357,9426719,19.10,19.12,19.10,19.11,0.0100,68
1150707,00711B,復華彭博新興債,104419,1695754,16.25,16.25,16.24,16.25,0.0200,59
1150707,00712,復華富時不動產,69159827,615946218,8.88,8.93,8.87,8.87,0.0300,6335
1150707,00713,元大台灣高息低波,5485425,334877040,61.00,61.40,60.60,60.60,-0.4000,4184
1150707,00714,群益道瓊美國地產,360531,7903819,21.70,22.09,21.70,22.06,-0.1300,210
1150707,00715L,期街口布蘭特正2,4050614,133174473,32.75,33.10,32.53,33.08,0.6000,1323
1150707,00717,富邦美國特別股,96253,1441962,14.97,15.00,14.97,14.98,0.0100,184
1150707,00728,第一金工業30,312360,19887249,65.40,65.70,63.10,63.40,-2.5000,332
1150707,00730,富邦臺灣優質高息,146874,4303124,29.56,29.60,28.89,28.89,-0.8000,351
1150707,00731,復華富時高息低波,561562,50036623,89.20,89.50,88.30,88.40,0.0000,220
1150707,00733,富邦臺灣中小,2045566,150303395,76.85,76.85,72.00,72.15,-5.3000,1910
1150707,00735,國泰臺韓科技,4956130,539379144,111.45,111.50,106.80,107.40,-5.2000,9867
1150707,00736,國泰新興市場,117142,3687743,31.69,31.75,31.45,31.45,-0.3000,102
1150707,00737,國泰AI機器人,487353,19314642,39.65,39.73,39.55,39.64,0.0400,254
1150707,00738U,期元大道瓊白銀,3561123,175015707,49.55,49.61,48.75,48.79,-0.9300,1823
1150707,00739,元大MSCI A股,120772,3522845,29.18,29.34,28.81,28.81,-0.5900,125
1150707,00752,中信中國50,2601008,57096852,21.85,22.21,21.73,21.82,0.0900,973
1150707,00753L,中信中國50正2,20737148,182188857,8.74,8.93,8.61,8.67,-0.0400,2178
1150707,00757,統一FANG+,2519979,326829716,129.80,130.15,129.25,129.25,-0.5500,2225
1150707,00762,元大全球AI,308928,35063597,114.55,114.55,112.75,112.75,-1.8000,604
1150707,00763U,期街口道瓊銅,688628,22767174,33.11,33.32,32.88,32.91,-0.1600,289
1150707,00770,國泰北美科技,163616,11044941,67.50,67.70,67.20,67.30,-0.1500,386
1150707,00771,元大US高息特別股,28057,445692,15.86,15.91,15.86,15.87,0.0200,112
1150707,00775B,新光投等債15+,724,23322,0.00,0.00,0.00,0.00,0.0000,99
1150707,00783,富邦中証500,79139,2435228,31.06,31.06,30.29,30.29,-0.9900,167
1150707,00830,國泰費城半導體,17281683,1563236963,91.60,91.70,89.50,89.70,-2.7000,37984
1150707,00850,元大臺灣ESG永續,755170,68988715,92.55,92.80,89.80,89.95,-2.6000,1796
1150707,00851,台新全球AI,13151,944808,72.10,72.10,71.35,71.35,-0.6500,77
1150707,00852L,國泰美國道瓊正2,146547,5255910,35.90,35.91,35.79,35.83,0.2900,39
1150707,00861,元大全球未來通訊,531045,48085337,91.65,91.65,89.80,89.80,-2.2500,4585
1150707,00865B,國泰US短期公債,5710797,279348952,48.92,48.95,48.89,48.94,0.0500,862
1150707,00875,國泰網路資安,126239,6674998,52.85,53.00,52.65,52.65,0.8000,143
1150707,00876,元大全球5G,434457,42128155,98.15,98.15,95.70,95.85,-2.9000,4593
1150707,00878,國泰永續高股息,34958840,1160653074,33.49,33.60,32.91,32.97,-0.5200,32919
1150707,00881,國泰台灣科技龍頭,16133575,876952348,55.45,55.50,53.50,53.70,-1.6000,10650
1150707,00882,中信中國高股息,11093241,166223603,15.20,15.21,14.90,14.94,-0.1800,2909
1150707,00885,富邦越南,2048268,38587076,19.07,19.07,18.72,18.75,-0.3700,1065
1150707,00891,中信關鍵半導體,21705620,798513377,37.67,37.80,36.16,36.31,-1.2200,11973
1150707,00892,富邦台灣半導體,9525237,424744608,45.82,46.00,43.72,43.91,-1.5700,5472
1150707,00893,國泰智能電動車,1101007,51154009,46.50,46.72,46.11,46.14,0.1400,534
1150707,00894,中信小資高價30,1827609,88533891,49.56,49.56,47.35,47.42,-1.7700,1594
1150707,00895,富邦未來車,499731,25735307,51.75,51.90,51.05,51.15,-0.2500,429
1150707,00896,中信綠能及電動車,4342483,120205583,28.36,28.50,27.30,27.36,-1.0000,2815
1150707,00897,富邦基因免疫生技,1697837,19777859,11.76,11.76,11.60,11.65,-0.1600,406
1150707,00898,國泰基因免疫革命,1941072,18812392,9.75,9.75,9.67,9.68,-0.0700,364
1150707,00899,FT潔淨能源,203249,5325725,26.13,26.23,26.13,26.18,0.1500,226
1150707,00900,富邦特選高股息30,4536855,87690953,19.51,19.61,19.03,19.07,-0.4300,1790
1150707,00901,永豐智能車供應鏈,358896,16507580,47.35,47.35,45.43,45.47,-1.8800,311
1150707,00902,中信電池及儲能,4053831,56820543,14.20,14.24,13.82,13.85,-0.3900,1128
1150707,00903,富邦元宇宙,374996,7892893,21.08,21.11,20.96,20.96,-0.0900,178
1150707,00904,新光臺灣半導體30,2609012,111513866,43.42,43.55,41.80,41.95,-1.4400,1445
1150707,00905,FT臺灣Smart,6415832,179961759,28.67,28.71,27.59,27.67,-0.9400,3999
1150707,00907,永豐優息存股,1383262,22825723,16.50,16.57,16.42,16.44,-0.0600,353
1150707,00908,富邦入息REITs+,171653,2642584,15.40,15.41,15.38,15.39,-0.0100,107
1150707,00909,國泰數位支付服務,2029834,94592210,46.50,46.85,46.28,46.28,0.1000,1119
1150707,00910,第一金太空衛星,1593142,101413536,64.50,64.50,62.80,62.80,-2.2000,2678
1150707,00911,兆豐洲際半導體,1088850,68217545,63.00,63.25,62.10,62.20,-1.2000,6065
1150707,00912,中信臺灣智慧50,1144749,39470531,34.82,35.11,34.00,34.04,-0.8300,626
1150707,00913,兆豐台灣晶圓製造,2738986,143838374,54.20,54.25,51.20,51.70,-2.5000,2127
1150707,00915,凱基優選高股息30,5002382,160881166,32.44,32.62,31.88,31.93,-0.5100,958
1150707,00916,國泰全球品牌50,3419776,89556774,26.09,26.23,26.08,26.17,0.0900,1088
1150707,00917,中信特選金融,1532886,35763827,23.12,23.40,23.12,23.31,0.4300,707
1150707,00918,大華優利高填息30,20062626,640589321,32.06,32.20,31.66,31.67,-0.3900,8878
1150707,00919,群益台灣精選高息,68857565,2050365868,29.76,30.02,29.60,29.62,-0.1400,33734
1150707,00920,富邦ESG綠色電力,1203964,31257190,26.00,26.21,25.78,25.78,-0.2000,771
1150707,00921,兆豐龍頭等權重,103575,2426457,23.85,23.85,23.10,23.10,-0.7500,215
1150707,00922,國泰台灣領袖50,10807494,442093632,41.73,41.79,40.42,40.53,-1.0400,7856
1150707,00923,群益台ESG低碳50,2723424,115826608,43.30,43.37,41.99,42.10,-1.0800,2634
1150707,00924,復華S&P500成長,3155183,102885354,32.59,32.66,32.56,32.58,0.0000,1346
1150707,00926,凱基全球菁英55,191598,4770212,24.87,24.91,24.86,24.86,-0.0100,247
1150707,00927,群益半導體收益,93460889,3906375217,42.91,42.92,40.95,41.16,-1.4400,40631
1150707,00929,復華台灣科技優息,43309160,1336096298,31.46,31.46,30.37,30.44,-0.9200,18347
1150707,00930,永豐ESG低碳高息,681003,16834631,25.02,25.10,24.53,24.53,-0.4700,307
1150707,00932,兆豐永續高息等權,447899,8131770,18.16,18.28,17.88,17.88,-0.2800,284
1150707,00934,中信成長高股息,4927267,139347733,28.70,28.76,28.00,28.00,-0.6700,1780
1150707,00935,野村臺灣新科技50,24144923,1439974135,61.55,61.80,58.70,58.85,-2.6500,20521
1150707,00936,台新永續高息中小,918620,19259224,21.25,21.32,20.74,20.79,-0.4600,459
1150707,00938,凱基優選30,1266995,31362702,24.63,24.96,24.55,24.60,-0.0300,173
1150707,00939,統一台灣高息動能,3286891,70701867,21.43,21.65,21.32,21.32,-0.1200,1151
1150707,00940,元大台灣價值高息,12097753,153362479,12.74,12.84,12.52,12.52,-0.2200,3598
1150707,00941,中信上游半導體,2037212,57141680,28.35,28.35,27.81,27.86,-0.8900,5044
1150707,00943,兆豐電子高息等權,265446,6065284,23.13,23.13,22.59,22.59,-0.5400,180
1150707,00944,野村趨勢動能高息,541481,11971484,22.30,22.47,21.75,21.78,-0.4800,261
1150707,00945B,凱基美國非投等債,3347151,49026002,14.62,14.66,14.62,14.65,0.0100,551
1150707,00946,群益科技高息成長,4189539,65450878,15.71,15.83,15.38,15.42,-0.2900,1090
1150707,00947,台新臺灣IC設計,9755303,364930812,38.49,38.87,36.61,36.88,-1.5000,7392
1150707,00949,復華日本龍頭,1415755,29951319,21.12,21.25,21.10,21.11,0.0200,502
1150707,00951,台新日本半導體,4950279,98658588,20.26,20.26,19.64,19.72,-0.7700,1953
1150707,00952,凱基台灣AI50,5286533,98331612,18.96,19.04,18.33,18.37,-0.5900,1039
1150707,00953B,群益優選非投等債,30750505,298396310,9.71,9.72,9.70,9.71,0.0000,3753
1150707,00954,中信日本半導體,3617134,76742190,21.51,21.55,20.94,20.96,-0.8800,1426
1150707,00956,中信日經高股息,173177,2183402,12.63,12.65,12.58,12.60,-0.0300,199
1150707,00960,野村全球航運龍頭,397076,6838216,17.36,17.36,17.20,17.24,-0.1700,236
1150707,00961,FT臺灣永續高息,22242181,284926773,12.92,12.92,12.71,12.75,-0.1600,4994
1150707,00962,台新AI優息動能,825032,12421831,15.15,15.20,14.79,14.80,-0.3700,269
1150707,00963,中信全球高股息,534754,6810171,12.80,12.80,12.72,12.74,-0.0100,257
1150707,00964,中信亞太高股息,3254000,45807803,14.35,14.35,13.93,13.93,-0.3900,866
1150707,00965,元大航太防衛科技,2675862,69061103,25.97,25.97,25.64,25.67,-0.3300,1079
1150707,00971,野村美國研發龍頭,823005,14113073,17.09,17.19,17.08,17.11,-0.0200,236
1150707,00972,野村日本動能高息,145273,2937381,20.20,20.24,20.18,20.23,0.0100,50
1150707,009800,中信NASDAQ,770645,10121988,13.20,13.20,13.09,13.09,-0.0900,604
1150707,009801,中信美國創新科技,1704695,21012060,12.28,12.35,12.25,12.27,0.0000,276
1150707,009802,富邦旗艦50,5250862,100644759,19.57,19.68,18.82,18.89,-0.6400,1915
1150707,009803,玉山市值動能50,2410001,52190564,21.98,22.03,21.33,21.36,-0.5300,1493
1150707,009804,聯邦台精彩50,4966174,119155728,24.40,24.41,23.64,23.70,-0.5700,2438
1150707,009805,新光美國電力基建,6222766,105034510,16.98,16.98,16.80,16.81,0.0100,1911
1150707,009808,華南永昌優選50,585798,18635323,32.16,32.21,31.23,31.26,-0.8000,131
1150707,009809,富邦淨零ESG50,1993498,36035967,18.22,18.24,17.74,17.78,-0.4000,175
1150707,00980A,主動野村臺灣優選,12270674,293939524,24.60,24.66,23.52,23.56,-0.9900,4245
1150707,009810,玉山全球藍籌100,278978,5766949,20.64,20.69,20.64,20.64,0.0500,68
1150707,009811,統一美國50,2400865,31258833,13.05,13.05,13.00,13.01,-0.0100,639
1150707,009812,野村日本東證,224088,2848821,12.71,12.75,12.62,12.62,-0.0900,228
1150707,009813,貝萊德標普卓越50,3617306,40215595,11.10,11.15,11.10,11.10,0.0100,589
1150707,009816,凱基台灣TOP50,163706735,2529145821,15.67,15.75,15.25,15.29,-0.3600,61999
1150707,009817,國泰日本不動產,1157759,10552767,9.07,9.15,9.07,9.15,0.0800,308
1150707,009818,華南永昌NASDAQxT,285978,5641740,19.78,19.81,19.65,19.65,-0.1300,84
1150707,009819,中信數據及電力,8906124,89824658,10.16,10.16,10.05,10.05,-0.0300,2737
1150707,00981A,主動統一台股增長,336842956,10190829055,31.20,31.30,29.75,29.84,-1.3600,152471
1150707,00981T,平衡凱基雙核收息,4928002,61001544,12.40,12.42,12.32,12.32,-0.0700,495
1150707,009820,元大納斯達克精選,5851662,57654804,9.88,9.90,9.80,9.81,-0.0300,1210
1150707,009821,野村稀土關鍵資源,19410149,275024637,14.33,14.33,14.10,14.11,-0.2400,8883
1150707,009824,群益美國科技巨頭,15326518,152569390,9.98,10.00,9.91,9.91,-0.0600,4846
1150707,00982A,主動群益台灣強棒,48962726,1197809415,25.29,25.38,24.00,24.09,-1.1900,17435
1150707,00982D,主動富邦動態入息,1041543,10442492,10.04,10.04,10.02,10.03,-0.0100,127
1150707,00982T,平衡兆豐台美動能,233189,3657836,16.00,16.00,15.58,15.72,-0.2800,44
1150707,00983A,主動中信ARK創新,4589080,57874613,12.57,12.65,12.53,12.53,0.0600,976
1150707,00983D,主動富邦複合收益,591061,6051987,10.24,10.25,10.23,10.24,0.0100,159
1150707,00984A,主動安聯台灣高息,31214553,514669910,16.80,16.82,16.21,16.25,-0.5100,12465
1150707,00984D,主動聯博全球非投,10732445,109207291,10.17,10.19,10.17,10.17,0.0100,837
1150707,00985A,主動野村台灣50,7507611,163901980,22.30,22.36,21.51,21.56,-0.7400,2096
1150707,00985B,群益ESG投等債0-5,4090833,42203385,10.31,10.33,10.31,10.32,0.0100,366
1150707,00986A,主動台新龍頭成長,1001835,15094175,15.13,15.13,15.00,15.00,-0.1300,216
1150707,00987A,主動台新優勢成長,4758013,77775666,16.99,17.00,15.96,16.01,-0.8800,1976
1150707,00988A,主動統一全球創新,199714346,3983350285,20.44,20.44,19.59,19.62,-1.2100,89047
1150707,00989A,主動摩根美國科技,2760559,49626874,17.99,18.03,17.79,17.79,-0.2000,320
1150707,00990A,主動元大AI新經濟,82293343,1531772794,19.03,19.03,18.25,18.29,-1.0300,30969
1150707,00991A,主動復華未來50,248290467,4851800086,20.13,20.16,19.05,19.12,-0.9300,110852
1150707,00992A,主動群益科技創新,78682660,1421345482,18.65,18.73,17.67,17.71,-0.8900,24059
1150707,00993A,主動安聯台灣,11676247,158333430,14.04,14.05,13.32,13.36,-0.6400,3191
1150707,00994A,主動第一金台股優,8694705,149206574,17.68,17.74,16.85,16.90,-0.7800,3575
1150707,00995A,主動中信台灣卓越,10562580,184657684,18.10,18.10,17.13,17.17,-0.9300,2691
1150707,00996A,主動兆豐台灣豐收,16517061,249947068,15.67,15.68,14.76,14.80,-0.8500,4351
1150707,00997A,主動群益美國增長,61958849,785413486,12.71,12.79,12.50,12.53,-0.6100,17706
1150707,00999A,主動野村臺灣高息,19681147,214254902,11.07,11.10,10.71,10.73,-0.3000,4377
1150707,01001T,土銀富邦R1,8000,92000,11.50,11.50,11.50,11.50,0.0000,3
1150707,01002T,土銀國泰R1,25700,354710,13.80,13.80,13.75,13.78,-0.0200,13
1150707,01004T,土銀富邦R2,104000,1071710,10.31,10.31,10.30,10.30,-0.0100,36
1150707,01007T,兆豐國泰R2,93000,1154200,12.45,12.45,12.39,12.45,0.0100,28
1150707,01009T,王道圓滿R1,29000,165760,5.70,5.72,5.70,5.71,0.0200,7
1150707,01010T,京城樂富R1,94009,938209,9.99,10.00,9.97,10.00,0.0000,17
1150707,020000,富邦特選蘋果N,1000,32500,32.50,32.50,32.50,32.50,0.0000,1
1150707,020011,統一微波高息20N,0,0,0.00,0.00,0.00,0.00,0.0000,0
1150707,020012,富邦行動通訊N,0,0,0.00,0.00,0.00,0.00,0.0000,0
1150707,02001L,富邦蘋果正二N,220000,36412150,177.95,177.95,157.00,158.35,-18.3500,150
1150707,020020,元大台股領航N,21000,575220,27.68,27.70,26.82,26.82,-0.9400,7
1150707,020028,元大特選電動車N,6000,116630,19.69,19.69,19.34,19.34,-0.4400,3
1150707,020029,元大ESG高股息N,11000,205170,18.63,18.66,18.63,18.66,-0.0400,2
1150707,020030,統一智慧電動車N,20000,371500,18.60,18.60,18.55,18.55,-0.2200,2
1150707,020031,統一IC設計臺灣N,33000,338930,10.64,10.72,10.14,10.14,-0.3200,18
1150707,020032,元大綠能N,0,0,0.00,0.00,0.00,0.00,0.0000,0
1150707,020034,元大IC設計N,17000,237830,14.36,14.45,13.72,13.72,-0.5400,9
1150707,020036,元大金融配息N,2000,19730,9.87,9.87,9.86,9.86,0.1600,2
1150707,020037,元大金融高股息N,35000,383660,10.96,11.02,10.95,10.95,0.0000,5
1150707,020038,元大ESG配息N,1000,14420,14.42,14.42,14.42,14.42,-0.0100,1
1150707,020039,元大加權N,0,0,0.00,0.00,0.00,0.00,0.0000,0
1150707,1101,台泥,33225864,778330046,23.65,23.70,23.25,23.40,-0.3000,8414
1150707,1101B,台泥乙特,5826,255174,43.80,43.80,43.80,43.80,0.0000,16
1150707,1102,亞泥,12343296,449254533,36.50,36.70,36.25,36.30,-0.2500,4897
1150707,1103,嘉泥,384645,5238585,13.75,13.75,13.50,13.50,-0.2500,276
1150707,1104,環泥,927509,25555762,27.70,27.70,27.45,27.55,0.0000,559
1150707,1108,幸福,463953,6478483,14.10,14.10,13.90,13.95,-0.1500,211
1150707,1109,信大,110153,1618668,14.80,14.80,14.60,14.70,-0.1000,143
1150707,1110,東泥,240256,3810348,16.00,16.15,15.75,15.80,-0.1000,114
1150707,1201,味全,487367,6111056,12.70,12.70,12.45,12.45,-0.2500,402
1150707,1203,味王,17038,729067,43.00,43.00,42.50,42.90,0.0000,48
1150707,1210,大成,2662754,156007082,58.90,59.30,58.10,58.30,-0.5000,2195
1150707,1213,大飲,118280,888778,7.56,7.56,7.39,7.56,-0.0200,35
1150707,1215,卜蜂,1440646,160567402,113.00,113.00,110.50,111.50,-1.5000,1921
1150707,1216,統一,20179662,1577952403,77.80,78.70,77.70,78.00,0.2000,8628
1150707,1217,愛之味,602130,6046363,10.20,10.20,9.98,10.00,-0.2000,368
1150707,1218,泰山,639955,11057254,17.30,17.35,17.20,17.25,-0.0500,462
1150707,1219,福壽,589261,7237921,12.35,12.40,12.25,12.30,-0.0500,302
1150707,1220,台榮,72666,858532,11.85,11.85,11.75,11.85,0.0000,164
1150707,1225,福懋油,168821,4746964,27.95,28.40,27.95,28.20,0.1500,196
1150707,1227,佳格,1481073,44748125,30.65,30.65,29.90,30.10,-0.5500,1202
1150707,1229,聯華,5009270,215798318,43.75,43.80,42.50,42.70,-1.0000,3480
1150707,1231,聯華食,396363,35187758,89.20,89.50,88.10,88.30,-0.8000,621
1150707,1232,大統益,399001,59214720,151.00,151.00,146.00,146.50,-2.5000,565
1150707,1233,天仁,40667,1147319,28.30,28.55,28.00,28.50,0.3500,38
1150707,1234,黑松,97197,3226310,33.30,33.35,33.10,33.30,-0.0500,122
1150707,1235,興泰,9018,329479,36.75,36.75,36.40,36.40,-0.5000,9
1150707,1236,宏亞,343802,8951608,25.75,26.25,25.50,26.05,0.5000,241
1150707,1256,鮮活果汁-KY,116944,23185565,201.00,201.50,195.00,200.00,1.0000,1104
1150707,1301,台塑,47904642,2794357017,60.10,60.20,57.00,57.30,-3.1000,25511
1150707,1303,南亞,35963607,6307573875,185.00,188.50,166.50,166.50,-18.5000,27658
1150707,1304,台聚,9111099,130482028,14.50,14.65,14.10,14.20,-0.5000,3271
1150707,1305,華夏,4467964,61749647,14.00,14.15,13.60,13.65,-0.4500,1939
1150707,1307,三芳,1341851,44520423,33.65,33.85,32.95,33.00,-0.1500,905
1150707,1308,亞聚,4435818,67093457,15.50,15.50,14.90,15.10,-0.4000,1999
1150707,1309,台達化,3991934,60771628,15.65,15.65,14.95,15.05,-0.5500,2029
1150707,1310,台苯,12547988,141812394,11.75,11.80,11.00,11.10,-0.7000,4721
1150707,1312,國喬,21999535,309657260,14.10,14.40,13.85,13.90,-0.2500,6009
1150707,1312A,國喬特,0,0,0.00,0.00,0.00,0.00,0.0000,0
1150707,1313,聯成,14541839,193301781,13.60,13.75,13.00,13.05,-0.5000,4537
1150707,1314,中石化,173041086,1734006487,10.40,10.40,9.70,9.77,-0.6300,37516
1150707,1315,達新,12471,792440,64.10,64.10,63.30,63.50,-0.8000,34
1150707,1316,上曜,2013253,21084684,10.75,10.75,10.35,10.35,-0.4000,951
1150707,1319,東陽,2960484,230053813,78.60,78.60,77.20,77.60,-0.4000,2267
1150707,1321,大洋,100599,3177538,32.20,32.20,31.40,31.60,-0.5000,116
1150707,1323,永裕,81106,1632026,20.30,20.50,19.90,20.15,-0.3500,96
1150707,1324,地球,104750,1106636,10.70,10.75,10.45,10.55,-0.0500,158
1150707,1325,恆大,154853,3866727,25.55,25.55,24.60,24.60,-0.7500,207
1150707,1326,台化,52450563,3403982520,66.80,66.80,63.30,63.30,-4.3000,31903
1150707,1337,再生-KY,1063166,5629130,5.54,5.54,5.17,5.17,-0.3800,704
1150707,1338,廣華-KY,181315,3162102,17.65,17.65,17.20,17.45,-0.2000,107
1150707,1339,昭輝,171658,7769773,46.30,46.30,44.80,45.20,-0.2500,327
1150707,1340,勝悅-KY,253235,1450477,5.90,5.90,5.65,5.71,-0.1200,226
1150707,1341,富林-KY,7102,413665,57.50,59.80,57.00,57.60,-0.1000,9
1150707,1342,八貫,638661,72691552,115.50,116.50,112.50,113.00,-3.5000,630
1150707,1402,遠東新,21682221,617706774,29.05,29.10,28.20,28.35,-0.7500,7378
1150707,1409,新纖,205543435,6694122892,31.35,33.25,30.80,31.70,1.4500,55060
1150707,1410,南染,371052,9780856,26.20,27.40,25.90,27.00,0.8000,352
1150707,1413,宏洲,14536,136074,9.50,9.50,9.30,9.43,-0.0700,18
1150707,1414,東和,151836,2952622,19.55,19.70,19.25,19.50,-0.0500,174
1150707,1416,廣豐,273438,3032302,11.15,11.20,11.00,11.10,-0.1000,149
1150707,1417,嘉裕,477978,4329001,9.10,9.19,8.99,9.02,-0.0800,259
1150707,1418,東華,54289,998781,18.60,18.80,18.20,18.30,-0.2500,63
1150707,1419,新紡,138448,9211624,68.30,68.30,66.00,66.00,-2.3000,433
1150707,1423,利華,14086,518738,36.80,37.20,36.70,37.10,0.4500,20
1150707,1432,大魯閣,299687,4556443,15.30,15.30,15.15,15.15,-0.1500,445
1150707,1434,福懋,7783215,143010347,19.00,19.00,18.05,18.15,-0.8000,3730
1150707,1435,中福,102112,2809046,26.80,29.45,26.60,26.80,0.0000,97
1150707,1436,華友聯,502282,22940316,45.95,46.15,45.10,45.15,-0.4500,321
1150707,1437,勤益控,169076,5255089,31.55,31.55,30.70,30.80,-0.7500,217
1150707,1438,三地開發,52338,1156426,22.70,22.70,21.90,22.30,0.1000,58
1150707,1439,雋揚,3154,76242,24.30,24.30,24.00,24.20,0.0000,5
1150707,1440,南紡,6142119,89406291,14.90,15.00,14.25,14.30,-0.3000,2529
1150707,1441,大東,39794,377675,9.54,9.54,9.36,9.36,-0.1900,158
1150707,1442,名軒,281909,8034643,28.90,28.95,28.25,28.40,-0.3000,238
1150707,1443,立益物流,3557,94534,26.60,26.70,26.55,26.70,0.3000,7
1150707,1444,力麗,8508199,77136083,9.15,9.37,8.82,8.93,-0.2200,3240
1150707,1445,大宇,72615,863020,12.05,12.05,11.80,11.85,-0.2000,65
1150707,1446,宏和,558971,9692766,17.50,17.50,17.20,17.20,-0.2000,282
1150707,1447,力鵬,8330661,75696690,9.51,9.51,8.99,9.00,-0.5100,4383
1150707,1449,佳和,1541230,22068171,14.75,14.75,14.00,14.25,-0.5000,906
1150707,1451,年興,205927,3544358,17.45,17.45,17.10,17.15,-0.3000,173
1150707,1452,宏益,159063,1872872,11.95,11.95,11.70,11.75,-0.2000,98
1150707,1453,大將,52149,600870,11.65,11.65,11.40,11.40,-0.1500,150
1150707,1454,台富,32913,426893,13.10,13.15,12.80,12.95,-0.1500,121
1150707,1455,集盛,3896815,40981230,10.95,10.95,10.25,10.35,-0.5500,1781
1150707,1456,怡華,108112,1507078,14.65,14.65,13.70,14.10,-0.2000,61
1150707,1457,宜進,99590,1439213,14.65,14.80,14.25,14.40,-0.3000,85
1150707,1459,聯發,160653,1927732,12.15,12.15,11.90,12.00,-0.1500,100
1150707,1460,宏遠,2152778,16974832,8.15,8.15,7.66,7.77,-0.3100,1236
1150707,1463,強盛新,156702,2795066,17.80,18.20,17.50,17.80,0.0500,105
1150707,1464,得力,800226,8770330,11.10,11.10,10.85,10.95,-0.1500,379
1150707,1465,偉全,545939,7416601,13.80,13.90,13.25,13.55,-0.1000,398
1150707,1466,聚隆,8675134,172397495,19.80,20.10,19.25,19.40,1.1000,2827
1150707,1467,南緯,1810139,16309613,9.26,9.31,8.75,8.82,-0.4900,913
1150707,1468,昶和,56000,683750,12.30,12.35,12.00,12.15,-0.1500,43
1150707,1470,大統新創,2000,43100,21.70,21.70,21.40,21.40,-0.3000,2
1150707,1471,首利,689625,7388736,11.05,11.15,10.60,10.65,-0.2500,280
1150707,1472,三洋實業,38927,3420580,87.90,88.20,87.50,88.00,0.1000,31
1150707,1473,台南,51322,1054007,20.80,20.80,20.35,20.60,-0.2000,186
1150707,1474,弘裕,248087,2664607,10.80,10.95,10.60,10.80,0.0000,213
1150707,1475,業旺,30764,838410,27.00,27.75,27.00,27.15,-0.8000,24
1150707,1476,儒鴻,3354423,1132004043,329.00,341.50,328.50,340.50,17.5000,3773
1150707,1477,聚陽,4991419,1148538090,231.00,233.50,227.50,231.50,1.5000,4975
1150707,1503,士電,3426082,806315488,243.50,244.00,229.00,230.00,-11.5000,5367
1150707,1504,東元,20127131,1467075774,74.00,74.60,70.80,70.90,-2.2000,16752
1150707,1506,正道,422493,4334500,10.50,10.50,10.15,10.30,-0.2500,121
1150707,1512,瑞利,107179,771400,7.27,7.27,7.16,7.20,-0.0100,73
1150707,1513,中興電,5855032,1038623422,180.50,181.00,175.00,175.00,-3.5000,9245
1150707,1514,亞力,7006389,865515748,127.50,128.50,120.00,121.00,-5.5000,6349
1150707,1515,力山,3268884,129123054,41.60,41.60,38.50,38.75,-4.0000,2630
1150707,1516,川飛,19388,354933,18.20,18.55,18.15,18.55,-0.1000,34
1150707,1517,利奇,401527,4430725,11.35,11.35,10.85,11.00,-0.3500,289
1150707,1519,華城,2000704,1517729737,776.00,778.00,746.00,748.00,-25.0000,12046
1150707,1521,大億,48181,1259790,26.20,26.30,26.00,26.10,-0.1500,42
1150707,1522,堤維西,605467,18320676,30.55,30.55,30.00,30.05,-0.5000,501
1150707,1522A,堤維西甲特,2049,102354,49.95,49.95,49.95,49.95,-0.0500,2
1150707,1524,耿鼎,741103,21590444,29.90,29.90,28.65,28.90,-0.6000,1219
1150707,1525,江申,16400,1100071,68.00,68.00,66.00,67.10,-0.9000,44
1150707,1526,日馳,71956,1062490,14.90,14.90,14.55,14.55,-0.4500,91
1150707,1527,鑽全,199857,6705451,33.75,33.90,33.45,33.50,-0.4000,286
1150707,1528,恩德,1831352,42525434,24.05,24.10,22.75,22.80,-1.2500,1422
1150707,1529,樂事綠能,675720,15336227,23.20,23.25,22.40,22.55,-0.6500,554
1150707,1530,亞崴,63204,1850989,29.70,29.70,29.00,29.05,-0.7000,128
1150707,1531,高林股,203697,2670346,13.15,13.15,13.05,13.15,0.0000,109
1150707,1532,勤美,397962,9316789,23.60,23.70,23.20,23.40,-0.2000,293
1150707,1533,車王電,214808,8135311,37.50,38.50,37.30,37.75,0.2500,189
1150707,1535,中宇,99375,4987063,50.50,50.50,50.00,50.10,-0.2000,106
1150707,1536,和大,3588860,187100922,54.50,54.70,50.80,51.20,-1.9000,2863
1150707,1537,廣隆,44807,5646157,126.00,126.50,125.50,126.00,-0.5000,76
1150707,1538,正峰,11658,124457,10.80,10.80,10.50,10.50,-0.2000,15
1150707,1539,巨庭,146548,2341261,16.30,16.30,15.85,15.85,-0.2500,121
1150707,1540,喬福,398458,9001813,23.05,23.05,22.30,22.60,-0.2000,244
1150707,1541,錩泰,31240,669317,21.85,21.85,21.20,21.30,-0.3000,31
1150707,1558,伸興,68100,6303757,92.80,92.80,92.30,92.60,-0.2000,87
1150707,1560,中砂,969065,696092043,745.00,752.00,699.00,700.00,-45.0000,3191
1150707,1563,巧新,3325124,237375686,70.20,72.90,69.80,70.50,-0.5000,2162
1150707,1568,倉佑,1872910,65765823,37.75,37.75,33.75,34.25,-3.2500,1309
1150707,1582,信錦,1197676,96361770,82.30,82.60,79.10,79.10,-3.0000,1556
1150707,1583,程泰,23551,1179005,51.10,51.30,49.25,49.25,-0.9500,34
1150707,1587,吉茂,221130,6242357,28.80,28.80,27.80,27.80,-1.0000,176
1150707,1590,亞德客-KY,704730,977105990,1385.00,1410.00,1370.00,1380.00,-5.0000,1176
1150707,1597,直得,1466690,210791663,152.50,152.50,139.00,139.00,-12.5000,2179
1150707,1598,岱宇,182580,3498089,19.50,19.50,19.00,19.10,-0.4000,184
1150707,1603,華電,273474,8871286,33.05,33.05,32.10,32.35,-0.5500,309
1150707,1604,聲寶,565674,13351764,23.85,23.85,23.50,23.60,-0.2000,341
1150707,1605,華新,23569155,838249009,36.60,36.80,34.85,35.05,-1.5000,13201
1150707,1608,華榮,3818891,133233866,35.80,35.90,34.25,34.50,-0.9000,2341
1150707,1609,大亞,44384258,1913670173,43.90,44.25,41.55,41.95,-1.8000,20328
1150707,1611,中電,1151814,15506210,13.85,13.85,13.25,13.30,-0.5500,683
1150707,1612,宏泰,1509114,52245810,35.10,35.25,34.25,34.35,-0.7500,1083
1150707,1614,三洋電,69382,2234276,32.15,32.40,32.05,32.20,0.2000,46
1150707,1615,大山,343828,15849878,46.40,47.10,45.55,45.70,0.1500,553
1150707,1616,億泰,856795,20132602,24.10,24.10,23.20,23.50,-0.1500,594
1150707,1617,榮星,1824348,45871475,26.70,26.70,24.10,24.70,-2.0000,1339
1150707,1618,合機,981646,40532093,42.55,42.55,40.80,40.95,-1.2500,1844
1150707,1623,大東電,1783579,420772427,230.00,245.00,230.00,230.50,-4.5000,4837
1150707,1626,艾美特-KY,121628,1357826,11.55,11.55,10.95,10.95,-0.4000,181
1150707,1702,南僑,670039,22402551,33.85,34.00,33.20,33.35,-0.5000,752
1150707,1707,葡萄王,671983,61665104,93.00,93.00,90.80,91.10,-2.1000,1042
1150707,1708,東鹼,12569944,767208075,62.00,63.30,59.70,60.00,-1.7000,9071
1150707,1709,和益,5214689,127678448,24.30,25.15,24.05,24.50,-0.3500,2506
1150707,1710,東聯,18259125,322640587,18.40,18.45,17.15,17.35,-1.3000,7145
1150707,1711,永光,13966536,627140894,47.85,47.85,43.15,43.30,-4.0500,8768
1150707,1712,興農,448059,17807011,39.95,40.05,39.55,39.75,-0.1500,497
1150707,1713,國化,288421,14184833,49.50,49.50,49.00,49.10,-0.4000,216
1150707,1714,和桐,78200115,1526709437,20.60,21.30,18.85,18.85,-2.0500,31041
1150707,1717,長興,56058864,4534082599,86.80,86.90,76.90,77.10,-8.3000,38436
1150707,1718,中纖,32381477,481671120,15.00,15.50,14.55,14.95,-0.2500,8308
1150707,1720,生達,185852,11819612,63.80,64.00,63.10,63.60,-0.3000,415
1150707,1721,三晃,5722652,153253390,27.65,28.45,26.15,26.15,-2.9000,3771
1150707,1722,台肥,1727929,83606901,48.95,49.15,48.05,48.15,-0.8000,1273
1150707,1723,中碳,404578,33826959,85.20,85.20,83.10,83.10,-2.0000,746
1150707,1725,元禎,227265,7861184,35.55,35.55,34.05,34.20,-1.8000,192
1150707,1726,永記,28140,2202182,78.20,78.40,78.20,78.30,0.0000,28
1150707,1727,中華化,17244252,1641472884,100.00,101.00,91.40,91.40,-10.1000,12575
1150707,1730,花仙子,63834,3273469,51.30,51.50,51.10,51.20,0.0000,111
1150707,1731,美吾華,253975,5240321,20.85,20.85,20.45,20.65,-0.2000,205
1150707,1732,毛寶,107501,2843311,26.70,26.70,26.30,26.45,-0.1500,94
1150707,1733,五鼎,107644,3236752,30.25,30.25,29.85,29.95,-0.3000,99
1150707,1734,杏輝,677516,22818234,34.10,34.10,33.30,33.65,-0.1500,494
1150707,1735,日勝化,337753,7763008,24.50,24.50,22.30,22.45,-1.9000,474
1150707,1736,喬山,518873,67951788,133.00,134.50,127.50,129.00,-2.5000,745
1150707,1737,臺鹽,103877,3314963,32.10,32.10,31.85,31.90,-0.1000,132
1150707,1752,南光,52351,1691151,32.50,32.60,32.10,32.10,-0.3000,39
1150707,1760,寶齡富錦,415439,27212801,65.80,66.70,64.70,65.00,-0.9000,516
1150707,1762,中化生,1118392,44994324,40.45,41.45,38.90,39.55,-1.1500,803
1150707,1773,勝一,815951,145601429,185.50,185.50,175.00,175.50,-9.5000,9760
1150707,1776,展宇,267629,5308905,20.15,20.15,19.65,19.85,-0.3000,199
1150707,1783,和康生,145092,5943972,40.85,41.60,40.55,40.65,0.0500,186
1150707,1786,科妍,187531,10195424,55.30,55.30,53.70,53.80,-0.6000,247
1150707,1789,神隆,1172023,24583936,21.15,21.35,20.60,20.80,-0.2500,595
1150707,1795,美時,5608800,1177509747,205.00,215.00,203.50,207.00,2.5000,26869
1150707,1802,台玻,55065342,3637452347,68.60,69.20,64.10,64.60,-3.3000,37990
1150707,1805,寶徠,98139,1000115,10.20,10.25,10.15,10.15,-0.0500,38
1150707,1806,冠軍,467880,3972109,8.58,8.58,8.42,8.44,-0.0800,273
1150707,1808,潤隆,777101,23914142,31.65,31.70,30.15,30.25,-1.2500,922
1150707,1809,中釉,5254057,262568796,51.60,52.80,48.25,48.80,-3.2000,3958
1150707,1810,和成,19053508,464408426,24.65,25.55,23.45,24.10,0.4000,8416
1150707,1817,凱撒衛,47134,1820677,38.80,38.80,38.50,38.80,0.0000,52
1150707,1903,士紙,180472,8886793,50.00,50.20,48.70,48.85,-1.2500,205
1150707,1904,正隆,2911714,68629075,23.95,23.95,23.30,23.65,-0.2500,1628
1150707,1905,華紙,6728215,110075509,16.95,16.95,15.90,16.15,-0.7000,3055
1150707,1906,寶隆,131862,1501649,11.60,11.60,11.25,11.30,-0.2500,157
1150707,1907,永豐餘,1434824,40767863,28.70,28.80,28.20,28.35,-0.3500,945
1150707,1909,榮成,10048319,107663603,10.65,10.95,10.55,10.75,0.1000,2525
1150707,2002,中鋼,42196159,789414758,18.95,18.95,18.60,18.60,-0.4000,13786
1150707,2002A,中鋼特,10007,384166,38.60,38.60,38.35,38.40,0.0000,15
1150707,2006,東和鋼鐵,2320430,159959808,69.00,69.20,68.20,68.90,0.3000,1509
1150707,2007,燁興,349073,2560182,7.59,7.59,7.20,7.22,-0.2400,140
1150707,2008,高興昌,225692,6675807,29.55,30.15,29.50,29.60,-1.0500,115
1150707,2009,第一銅,1093296,42538466,39.90,39.90,38.50,38.55,-1.0000,1080
1150707,2010,春源,1098684,23718115,21.75,21.85,21.45,21.60,-0.2000,712
1150707,2012,春雨,79051,1278513,16.25,16.40,16.10,16.20,-0.3000,70
1150707,2013,中鋼構,189005,7784217,41.50,41.50,41.05,41.25,-0.2500,436
1150707,2014,中鴻,3217452,55629125,17.60,17.60,17.15,17.20,-0.4000,1359
1150707,2015,豐興,134627,8355615,62.20,62.50,61.90,61.90,-0.4000,132
1150707,2017,官田鋼,652945,6071431,9.45,9.47,9.17,9.19,-0.2600,411
1150707,2020,美亞,418560,9010622,21.70,21.70,21.40,21.45,-0.3000,214
1150707,2022,聚亨,1384293,11250589,8.13,8.34,8.02,8.02,-0.1100,702
1150707,2023,燁輝,1597031,21747249,13.60,13.75,13.55,13.65,0.0000,450
1150707,2024,志聯,14044,193224,13.75,13.90,13.65,13.90,-0.0500,54
1150707,2025,千興,1508006,18931651,13.05,13.10,12.40,12.60,-0.8500,589
1150707,2027,大成鋼,11863125,489585874,41.25,41.65,40.90,40.90,-0.4000,5796
1150707,2028,威致,123012,1966101,16.20,16.20,15.90,16.10,-0.1000,113
1150707,2029,盛餘,181781,3787761,20.95,20.95,20.70,20.85,-0.0500,110
1150707,2030,彰源,1057337,20073847,19.20,19.20,18.80,19.10,-0.1000,465
1150707,2031,新光鋼,496644,19166979,39.25,39.25,38.35,38.45,-0.4500,386
1150707,2032,新鋼,431606,7178169,17.10,17.10,16.40,16.45,-0.5000,226
1150707,2033,佳大,145650,2346166,16.35,16.35,16.00,16.15,-0.2500,118
1150707,2034,允強,1945394,40226454,20.60,20.90,20.55,20.65,0.0500,803
1150707,2038,海光,456963,6113749,13.60,13.60,13.25,13.30,-0.3000,266
1150707,2049,上銀,3824879,1351170808,364.00,365.00,344.50,344.50,-19.5000,7161
1150707,2059,川湖,1077207,9140813585,8560.00,8560.00,8200.00,8260.00,475.0000,5450
1150707,2062,橋椿,432416,8226250,19.40,19.45,18.85,18.95,-0.4000,277
1150707,2069,運錩,247275,4529287,18.55,18.55,18.25,18.25,-0.3500,116
1150707,2072,世紀風電,569018,82827916,149.50,149.50,143.50,143.50,-4.0000,801
1150707,2101,南港,2742521,94026142,34.15,34.85,33.75,34.10,-0.0500,1688
1150707,2102,泰豐,677060,12698543,18.90,19.05,18.55,18.85,0.0500,363
1150707,2103,台橡,9764817,240301049,24.30,24.95,24.20,24.65,0.4500,4262
1150707,2104,國際中橡,6460225,71309786,11.40,11.40,10.85,10.95,-0.4500,2324
1150707,2105,正新,13718462,445685421,32.55,32.90,32.25,32.45,-0.1000,4871
1150707,2106,建大,983030,17530380,18.15,18.15,17.65,17.80,-0.1000,758
1150707,2107,厚生,361519,9269570,25.95,25.95,25.50,25.65,-0.2000,234
1150707,2108,南帝,1665237,48950184,30.00,30.00,29.00,29.50,-0.3500,1105
1150707,2109,華豐,163065,2419848,15.00,15.00,14.70,14.85,-0.1000,122
1150707,2114,鑫永銓,82039,7365863,89.90,90.10,89.50,90.10,-0.3000,70
1150707,2115,六暉-KY,79384,1689838,21.25,21.40,21.20,21.25,0.0500,45
1150707,2201,裕隆,3201216,92994352,29.50,29.50,28.80,28.95,-0.3500,1540
1150707,2204,中華,748162,42731071,57.80,57.80,56.80,57.00,-0.5000,602
1150707,2206,三陽工業,638121,40569499,63.60,63.80,63.30,63.80,0.2000,586
1150707,2207,和泰車,355146,168283464,473.00,481.00,471.00,471.00,-5.5000,586
1150707,2208,台船,8969276,177810592,20.50,20.55,19.30,19.50,-0.8000,5546
1150707,2211,長榮鋼,616173,58716496,96.70,96.70,94.60,95.10,-1.7000,895
1150707,2227,裕日車,53894,2670778,49.60,50.00,49.10,49.70,-0.3000,61
1150707,2228,劍麟,181641,15678614,89.20,89.20,85.50,85.70,-2.1000,491
1150707,2231,為升,3525789,416298681,124.00,124.00,113.00,116.00,-7.5000,5574
1150707,2233,宇隆,742981,191572153,261.50,269.00,247.00,252.00,-12.5000,2052
1150707,2236,百達-KY,1462876,271811449,186.00,189.50,181.00,184.50,0.5000,1325
1150707,2239,英利-KY,149554,3355289,22.80,23.00,22.10,22.20,-0.7500,123
1150707,2241,艾姆勒,2470489,109542873,46.70,46.90,43.00,43.10,-3.2500,1563
1150707,2243,宏旭-KY,1979069,119255840,64.00,64.00,59.40,59.40,-6.6000,2499
1150707,2247,汎德永業,43698,10245405,236.00,238.00,233.00,234.00,-2.0000,393
1150707,2248,華勝-KY,68040,4036472,60.00,60.10,58.80,58.80,-0.1000,52
1150707,2250,IKKA-KY,317322,21786555,70.40,70.40,67.00,68.80,-0.6000,353
1150707,2254,巨鎧精密-創,2000,119200,59.60,59.60,59.60,59.60,0.0000,2
1150707,2258,鴻華先進-創,505161,16365139,32.25,32.80,32.00,32.35,0.1000,288
1150707,2301,光寶科,21217645,4640876679,224.00,228.00,212.00,213.00,-11.0000,18843
1150707,2302,麗正,7516153,373460234,52.00,52.60,47.80,48.90,-3.3000,5457
1150707,2303,聯電,91482176,14523869453,167.00,167.50,152.00,155.00,-11.0000,70905
1150707,2305,全友,3357662,134827994,42.50,42.65,38.40,38.40,-4.2500,2397
1150707,2308,台達電,9212478,17886668565,2015.00,2025.00,1890.00,1890.00,-105.0000,91250
1150707,2312,金寶,19621054,682442839,36.05,36.10,33.90,34.10,-1.4500,11666
1150707,2313,華通,29230631,6551039708,236.00,236.00,217.50,218.00,-17.0000,33625
1150707,2314,台揚,196759,2705438,13.95,13.95,13.65,13.70,-0.2000,144
1150707,2316,楠梓電,986420,207132124,219.00,219.00,205.50,205.50,-10.5000,1548
1150707,2317,鴻海,51778760,12365371472,243.00,243.00,236.00,237.00,-5.0000,67545
1150707,2321,東訊,4238,57088,13.30,13.50,13.30,13.50,-0.1000,10
1150707,2323,中環,8163568,94635363,11.95,12.00,11.35,11.50,-0.4000,2156
1150707,2324,仁寶,38830036,1384617001,36.10,36.30,35.05,35.30,-0.4000,16773
1150707,2327,國巨*,65596739,62469308368,1000.00,1025.00,905.00,905.00,-100.0000,193982
1150707,2328,廣宇,4201479,209489018,51.40,51.60,49.00,49.00,-2.0000,3120
1150707,2329,華泰,7483271,394814656,55.10,55.10,51.30,51.70,-2.9000,6527
1150707,2330,台積電,31400854,77617188273,2480.00,2500.00,2440.00,2440.00,-20.0000,132943
1150707,2331,精英,3148321,65740937,21.40,21.40,20.50,20.55,-0.7500,1343
1150707,2332,友訊,18363418,358032538,19.50,20.15,18.60,19.95,0.4500,7089
1150707,2337,旺宏,65871425,9251251532,146.00,146.00,136.50,139.00,-5.5000,50590
1150707,2338,光罩,3520701,172389568,51.00,51.10,47.75,48.15,-2.4500,2771
1150707,2340,台亞,10277766,391761484,39.50,40.30,36.30,36.90,-2.0500,6687
1150707,2342,茂矽,3008197,169570197,59.20,59.20,54.50,54.50,-4.7000,2671
1150707,2344,華邦電,142095545,25453708516,184.00,186.00,172.00,174.00,-9.0000,138392
1150707,2345,智邦,3972983,10087420695,2700.00,2700.00,2450.00,2455.00,-190.0000,14395
1150707,2347,聯強,14664279,1355672033,93.80,94.70,91.30,91.30,-2.5000,9309
1150707,2348,海悅,913362,69875852,77.20,79.00,74.60,74.70,-1.6000,1810
1150707,2348A,海悅甲特,21033,786637,37.40,37.40,37.40,37.40,-0.1500,4
1150707,2349,錸德,3656167,47791315,13.45,13.50,12.85,12.90,-0.5000,1267
1150707,2351,順德,14718441,3250966089,231.50,233.00,211.50,213.50,-14.5000,12875
1150707,2352,佳世達,57807753,2034554165,36.10,36.30,34.10,34.45,-0.9500,27106
1150707,2353,宏碁,24007232,776234343,33.15,33.15,31.90,32.00,-0.8000,10924
1150707,2354,鴻準,6452968,371250287,58.30,59.10,56.50,56.90,-1.5000,4777
1150707,2355,敬鵬,5464465,281133805,53.30,53.40,50.30,50.90,-2.2000,4237
1150707,2356,英業達,25572333,1709017968,67.50,68.20,65.40,65.40,-1.8000,15614
1150707,2357,華碩,3751073,2511431625,681.00,681.00,661.00,663.00,-17.0000,7589
1150707,2359,所羅門,3081204,423863080,143.50,144.50,133.50,134.50,-8.0000,3592
1150707,2360,致茂,2738750,5466805155,2100.00,2150.00,1965.00,1965.00,-215.0000,14094
1150707,2362,藍天,2088858,93385066,45.25,46.10,43.55,43.85,-1.1000,1569
1150707,2363,矽統,14371951,969269610,68.60,69.90,65.60,65.70,-2.6000,9439
1150707,2364,倫飛,295386,20703245,71.60,71.70,69.10,69.10,-2.5000,682
1150707,2365,昆盈,3176545,105404990,34.25,34.60,32.25,32.30,-1.9000,1953
1150707,2367,燿華,10268222,533872247,54.00,54.20,50.70,51.00,-2.8000,8188
1150707,2368,金像電,5240357,6142069330,1220.00,1220.00,1130.00,1135.00,-90.0000,18826
1150707,2369,菱生,58765937,2525464911,44.00,44.30,41.20,41.55,-1.6500,32788
1150707,2371,大同,10517366,290543003,28.50,28.50,27.10,27.30,-0.8500,5262
1150707,2373,震旦行,100467,5401770,53.90,54.20,53.60,53.70,-0.2000,429
1150707,2374,佳能,4680424,355131861,77.50,78.50,74.10,74.80,-2.6000,3993
1150707,2375,凱美,13329079,2684822446,208.00,216.00,191.50,197.00,-11.5000,12536
1150707,2376,技嘉,5617706,1868820076,337.00,340.00,327.00,327.00,-9.5000,6787
1150707,2377,微星,11731656,1641286139,143.00,143.50,136.00,137.00,-5.5000,15169
1150707,2379,瑞昱,7563148,6024009724,785.00,841.00,769.00,776.00,7.0000,12711
1150707,2380,虹光,75859,1606302,21.65,21.65,20.60,20.60,-1.6000,171
1150707,2382,廣達,15592266,5857442247,374.50,380.00,372.50,373.00,-5.0000,16299
1150707,2383,台光電,4028186,21640198790,5475.00,5550.00,5200.00,5220.00,-255.0000,25087
1150707,2385,群光,5586573,596700693,108.00,109.00,105.50,107.00,-0.5000,3764
1150707,2387,精元,442474,17950734,40.80,40.95,40.20,40.40,-0.4000,361
1150707,2388,威盛,5229283,373393680,72.30,73.90,69.20,69.50,-1.7000,4283
1150707,2390,云辰,2081048,27058502,13.45,13.50,12.65,12.95,-0.5000,1249
1150707,2392,正崴,4315356,163862187,40.00,40.00,37.10,37.40,-2.4000,3011
1150707,2393,億光,2151819,150301827,70.10,70.80,69.00,69.60,-0.4000,1838
1150707,2395,研華,1854906,935617525,519.00,522.00,493.00,496.50,-18.5000,3305
1150707,2397,友通,473842,28743535,61.90,61.90,59.70,60.10,-0.9000,366
1150707,2399,映泰,22847134,1177908976,55.00,55.00,49.50,49.50,-5.5000,19544
1150707,2401,凌陽,8038853,256569295,32.80,33.15,31.10,31.25,-1.4500,4667
1150707,2402,毅嘉,21340260,1490904012,71.10,72.00,65.30,65.90,-3.2000,14350
1150707,2404,漢唐,2305710,2953349495,1320.00,1320.00,1250.00,1260.00,-60.0000,8765
1150707,2405,輔信,2773822,48681437,17.80,18.00,17.10,17.20,-0.3000,1350
1150707,2406,國碩,29763539,1209163627,41.45,42.40,39.00,39.10,-2.3500,16286
1150707,2408,南亞科,81670310,34254774506,423.00,437.00,402.00,403.00,0.0000,86512
1150707,2409,友達,505399029,15591742036,31.90,33.00,29.05,29.35,-2.3500,157608
1150707,2412,中華電,18969753,2680828124,141.50,142.00,140.50,141.00,-0.5000,7264
1150707,2413,環科,1585555,74094186,48.50,49.10,45.25,45.65,-2.8500,1518
1150707,2414,精技,309672,19037428,61.70,62.60,60.50,61.30,-0.4000,564
1150707,2415,錩新,3003845,120809537,42.00,42.75,37.65,37.65,-4.0000,2177
1150707,2417,圓剛,900283,41513211,47.60,47.90,45.05,45.05,0.0000,844
1150707,2419,仲琦,1520758,43367878,29.35,29.45,28.00,28.05,-1.0500,786
1150707,2420,新巨,445894,27042384,62.00,62.20,59.70,60.20,-1.8000,904
1150707,2421,建準,1829624,266198871,149.50,149.50,142.50,144.00,-4.5000,2581
1150707,2423,固緯,127644,9503744,77.70,77.70,72.70,72.80,-3.9000,235
1150707,2424,隴華,18918,183858,9.80,9.81,9.55,9.55,-0.4500,25
1150707,2425,承啟,1538086,62507620,42.00,42.25,39.70,39.90,-1.7000,1283
1150707,2426,鼎元,69961558,5696809887,79.80,87.10,71.30,72.70,-6.5000,37615
1150707,2427,三商電,6080723,155392898,26.10,26.20,24.60,24.90,-1.0000,4427
1150707,2428,興勤,4274097,1376239871,344.50,347.00,309.50,309.50,-34.0000,5567
1150707,2429,銘旺科,1486187,67909117,48.30,48.30,44.15,44.15,-4.9000,1245
1150707,2430,燦坤,413491,7500041,18.25,18.25,18.05,18.15,-0.1000,174
1150707,2431,聯昌,565418,6725051,12.05,12.20,11.60,11.70,-0.4000,371
1150707,2432,倚天酷碁-創,75001,2110928,28.75,28.75,27.85,28.15,-0.5000,45
1150707,2433,互盛電,50892,2133429,42.05,42.10,41.80,42.05,-0.0500,59
1150707,2434,統懋,1238317,66185646,54.30,58.00,49.55,51.40,-2.9000,1027
1150707,2436,偉詮電,7458429,543166519,77.10,77.10,70.20,70.30,-7.4000,7229
1150707,2438,翔耀,363778,7758432,22.70,22.70,20.70,20.70,0.0000,292
1150707,2439,美律,1968371,177668851,92.00,92.20,89.20,89.40,-2.4000,2078
1150707,2440,太空梭,996073,17062682,17.80,17.95,16.70,16.80,-1.2000,593
1150707,2441,超豐,17013805,2355771251,145.00,147.50,132.00,133.50,-11.5000,18370
1150707,2442,新美齊,1028539,20127700,19.90,19.95,19.35,19.35,-0.4500,676
1150707,2444,兆勁,637218,7950815,12.85,12.85,12.40,12.40,-0.3000,280
1150707,2449,京元電子,48786899,16109711885,354.50,355.00,316.00,317.00,-34.0000,59002
1150707,2450,神腦,100083,2891736,29.05,29.05,28.80,28.85,-0.2000,157
1150707,2451,創見,4639160,1219855762,270.00,270.50,255.50,256.00,-14.5000,5845
1150707,2453,凌群,485383,27568102,57.60,57.80,56.10,56.20,-1.3000,434
1150707,2454,聯發科,9083409,36965706820,4200.00,4250.00,3955.00,4030.00,0.0000,103114
1150707,2455,全新,11717828,3933424279,342.00,362.00,317.50,318.50,-19.5000,15793
1150707,2457,飛宏,3587593,104961628,30.20,30.60,28.50,28.65,-1.5000,2688
1150707,2458,義隆,22508274,4320267607,181.50,196.50,180.50,188.00,9.0000,16440
1150707,2459,敦吉,98381,6271119,64.20,64.20,63.50,63.50,-0.6000,103
1150707,2460,建通,1698885,64437690,39.70,40.00,36.55,36.55,-2.9500,1208
1150707,2461,光群雷,984490,17399004,18.00,18.05,17.45,17.55,-0.3500,534
1150707,2462,良得電,445998,10444067,24.35,24.35,22.90,22.90,-1.2500,491
1150707,2464,盟立,9025724,1486178250,170.00,171.50,159.00,161.00,-8.0000,18725
1150707,2465,麗臺,595872,44140841,75.50,75.80,72.50,74.00,-1.5000,578
1150707,2466,冠西電,8404524,824824217,103.00,104.00,92.60,92.60,-2.2000,5701
1150707,2467,志聖,2312038,1471252184,655.00,671.00,607.00,613.00,-42.0000,4971
1150707,2468,華經,2663639,104826325,38.15,41.00,37.90,38.20,0.4500,2797
1150707,2471,資通,322122,17212124,54.30,54.50,53.00,53.20,-0.9000,278
1150707,2472,立隆電,10440049,4011840953,404.00,414.50,365.00,369.00,-36.0000,12884
1150707,2474,可成,5011126,987242094,197.00,199.00,196.00,196.00,0.0000,4410
1150707,2476,鉅祥,6017800,805534399,138.00,140.00,128.50,131.00,-5.0000,5963
1150707,2477,美隆電,218631,4783024,22.30,22.45,21.50,21.70,-0.5000,148
1150707,2478,大毅,5215240,1066137682,214.50,222.00,193.50,193.50,-21.5000,6901
1150707,2480,敦陽科,460830,74749401,162.50,165.00,160.00,162.00,0.0000,591
1150707,2481,強茂,11861227,2653721077,227.00,232.50,212.50,216.00,-11.5000,15053
1150707,2482,連宇,1462396,26474354,17.50,18.95,17.50,17.65,0.3500,1040
1150707,2483,百容,1604434,107347896,69.10,71.00,64.90,65.60,-4.3000,1932
1150707,2484,希華,85220226,8032818655,99.40,102.00,87.00,87.10,-8.7000,49410
1150707,2485,兆赫,6141472,313416247,53.70,54.00,49.80,50.00,-3.1000,4787
1150707,2486,一詮,6450719,1619396941,261.50,264.00,240.00,242.00,-17.5000,8738
1150707,2488,漢平,243921,13142587,54.30,54.40,53.60,53.70,-0.6000,383
1150707,2489,瑞軒,18309173,727042262,41.25,42.25,38.40,39.05,-2.0000,12143
1150707,2491,吉祥全,583926,23166222,39.50,40.80,38.80,40.15,0.7000,452
1150707,2492,華新科,1961509,1018166978,557.00,565.00,502.00,502.00,-55.0000,6168
1150707,2493,揚博,5062642,1402724640,277.00,292.00,263.00,280.50,-2.5000,6200
1150707,2495,普安,5097000,264944339,52.80,53.30,50.50,50.70,-1.9000,3197
1150707,2496,卓越,122945,7781566,64.20,64.20,62.80,63.00,-1.6000,123
1150707,2497,怡利電,3365244,224301683,68.50,70.80,63.50,64.50,-2.3000,2497
1150707,2498,宏達電,9653565,438208873,46.00,47.20,43.85,44.25,-0.7500,5779
1150707,2501,國建,4879161,118012900,24.55,24.65,23.95,24.20,-0.5500,2689
1150707,2504,國產,4850674,156885221,32.45,32.70,32.15,32.15,-0.2000,2318
1150707,2505,國揚,286199,5179257,18.25,18.30,17.90,17.95,-0.3000,190
1150707,2506,太設,187517,1670459,9.00,9.00,8.85,8.90,-0.1100,100
1150707,2509,全坤建,95485,1274928,13.55,13.55,13.30,13.30,-0.2500,127
1150707,2511,太子,2609197,22426036,8.70,8.73,8.49,8.56,-0.0800,1167
1150707,2514,龍邦,137790,1796330,13.25,13.25,12.90,12.90,-0.2500,205
1150707,2515,中工,7449672,105302500,14.25,14.35,14.00,14.00,-0.2500,1999
1150707,2516,新建,144048,1997768,13.95,13.95,13.80,13.85,-0.1500,77
1150707,2520,冠德,1751781,61301760,35.45,35.45,34.70,34.70,-0.5500,1041
1150707,2524,京城,59666,2126164,36.40,36.40,35.30,35.80,-0.6000,187
1150707,2527,宏璟,736971,31344541,42.55,43.30,42.10,42.60,0.0000,1273
1150707,2528,皇普,262359,5889459,22.55,22.65,22.25,22.45,-0.1000,304
1150707,2530,華建,359313,7020740,19.65,19.85,19.40,19.60,-0.0500,273
1150707,2534,宏盛,1483133,24669376,17.20,17.20,16.30,16.35,-0.8000,1003
1150707,2535,達欣工,353934,31327663,89.90,89.90,87.70,87.80,-2.2000,524
1150707,2536,宏普,1728865,33496140,19.60,19.65,19.20,19.25,0.0000,803
1150707,2537,聯上發,1242327,13737424,11.20,11.25,10.95,11.05,-0.1500,414
1150707,2538,基泰,505256,5007718,10.00,10.00,9.84,9.88,-0.0900,219
1150707,2539,櫻花建,915059,36547521,39.70,40.35,39.45,39.80,0.1000,750
1150707,2540,愛山林,355637,19013438,53.80,54.00,53.10,53.30,-0.5000,457
1150707,2542,興富發,6939731,306873970,44.95,45.00,43.65,44.00,-1.0000,4056
1150707,2543,皇昌,837983,32504408,39.35,39.80,38.30,38.50,-0.9500,747
1150707,2545,皇翔,1381882,52796620,38.80,38.80,37.50,37.50,-1.3000,953
1150707,2546,根基,99789,9388177,95.30,95.30,93.50,93.90,-1.0000,222
1150707,2547,日勝生,5878705,67116886,11.80,11.80,11.20,11.25,-0.3500,1553
1150707,2548,華固,1441737,146780765,102.50,103.50,101.00,101.50,-1.5000,1395
1150707,2597,潤弘,245994,41556624,171.00,171.50,167.00,167.00,-4.0000,398
1150707,2601,益航,28261967,195462132,6.95,7.20,6.70,6.87,0.2700,8837
1150707,2603,長榮,23280960,4384079330,191.00,191.50,186.50,188.00,-7.5000,22114
1150707,2605,新興,4483427,134909299,31.00,31.00,29.60,29.85,-0.9500,2908
1150707,2606,裕民,2519995,156590065,62.80,62.80,61.70,62.20,0.0000,1822
1150707,2607,榮運,719002,33115605,46.75,46.95,45.70,45.90,-0.8500,2020
1150707,2608,嘉里大榮,267446,7802426,29.25,29.25,29.10,29.20,-0.0500,185
1150707,2609,陽明,22349000,1152359563,52.10,52.20,51.10,51.10,-1.9000,11190
1150707,2610,華航,53833884,1187635460,22.45,22.55,21.80,22.00,-0.4500,13482
1150707,2611,志信,654282,9377560,14.50,14.55,14.20,14.20,-0.3000,320
1150707,2612,中航,341694,18430667,54.20,54.60,53.60,54.00,-0.4000,252
1150707,2613,中櫃,264886,5780358,22.15,22.15,21.60,21.70,-0.4500,311
1150707,2614,東森,635157,11665424,18.60,18.70,18.15,18.20,-0.3000,510
1150707,2615,萬海,9278888,723250368,79.40,79.40,77.00,77.00,-3.0000,7490
1150707,2616,山隆,162732,2208015,13.70,13.70,13.50,13.55,-0.1500,272
1150707,2617,台航,788059,24059506,31.00,31.00,30.30,30.50,-0.3000,465
1150707,2618,長榮航,66378937,2824367295,43.50,43.50,42.00,42.40,-1.1500,22019
1150707,2630,亞航,11778060,645861329,56.80,56.90,53.20,53.80,-2.5000,13433
1150707,2633,台灣高鐵,6679573,176659199,26.60,26.70,26.30,26.40,-0.2000,2546
1150707,2634,漢翔,24836981,1474864243,60.90,61.40,58.30,58.40,-1.9000,19259
1150707,2636,台驊控股,426294,30150001,71.60,71.60,70.50,70.70,-1.0000,614
1150707,2637,慧洋-KY,4476071,353414175,77.80,79.70,77.80,79.00,0.6000,3351
1150707,2642,宅配通,80145,1673239,21.10,21.10,20.75,20.75,-0.5000,215
1150707,2645,長榮航太,9266764,2060277451,235.50,235.50,214.50,214.50,-23.5000,12188
1150707,2646,星宇航空,4465788,94950458,21.40,21.45,21.10,21.30,-0.0500,2335
1150707,2701,萬企,68951,738153,10.75,10.75,10.65,10.75,-0.0500,50
1150707,2702,華園,59414,794367,13.75,13.75,13.05,13.05,-0.3500,101
1150707,2704,國賓,138337,6213178,45.80,45.80,44.60,44.80,-0.3000,107
1150707,2705,六福,284902,4642560,16.30,16.55,16.05,16.55,0.1500,282
1150707,2706,第一店,160709,2029533,12.70,12.70,12.55,12.65,0.0000,119
1150707,2707,晶華,115342,20833780,182.00,183.00,179.00,179.50,-2.5000,203
1150707,2712,遠雄來,7161,105714,14.75,14.75,14.75,14.75,0.0000,9
1150707,2722,夏都,28126,642937,23.15,23.15,22.65,22.85,-0.1500,47
1150707,2723,美食-KY,147361,9998854,67.50,68.40,67.20,67.90,0.4000,173
1150707,2727,王品,562795,137663653,246.00,246.50,243.00,245.00,-0.5000,1167
1150707,2731,雄獅,821689,122263665,151.00,151.00,148.00,148.00,-2.5000,1045
1150707,2739,寒舍,239968,9019908,37.75,37.75,37.40,37.45,-0.3000,312
1150707,2748,雲品,163401,6468198,40.25,40.25,39.30,39.30,-0.7000,219
1150707,2753,八方雲集,340899,61298191,180.50,181.00,178.50,178.50,-2.0000,695
1150707,2762,世界健身-KY,183443,15174792,83.00,83.50,82.00,82.20,-1.2000,130
1150707,2801,彰銀,15797656,373342739,23.45,23.85,23.45,23.50,0.0000,4199
1150707,2812,台中銀,15527585,321054998,20.60,20.80,20.55,20.65,0.1000,4238
1150707,2816,旺旺保,363578,12787057,35.25,35.55,34.75,34.90,-0.3500,319
1150707,2820,華票,4025888,69077242,17.15,17.25,17.00,17.25,0.1500,1376
1150707,2832,台產,156505,8858409,57.30,57.30,56.30,56.60,-0.3000,173
1150707,2834,臺企銀,30901557,559285549,18.05,18.20,18.00,18.10,0.1000,6713
1150707,2836,高雄銀,7747272,97213221,12.55,12.60,12.40,12.45,-0.1000,608
1150707,2836A,高雄銀甲特,101000,2500350,24.80,24.80,24.75,24.80,0.0500,20
1150707,2838,聯邦銀,4317232,105227716,23.60,24.80,23.60,24.50,0.9000,2038
1150707,2838A,聯邦銀甲特,65312,3406443,52.20,52.30,52.10,52.30,0.0000,35
1150707,2845,遠東銀,8093173,107491618,13.30,13.40,13.15,13.20,-0.1000,1923
1150707,2849,安泰銀,60080,872411,14.60,14.60,14.45,14.60,0.0000,60
1150707,2850,新產,226814,33220756,147.50,147.50,145.50,145.50,-2.0000,366
1150707,2851,中再保,2380405,91587157,38.90,39.25,38.15,38.50,-0.6000,1522
1150707,2852,第一保,289090,7739491,27.20,27.20,26.55,26.60,-0.4500,257
1150707,2855,統一證,11250218,593306892,53.10,54.10,50.80,51.10,-1.1000,6732
1150707,2867,三商壽,12595581,110055496,8.76,8.78,8.70,8.73,-0.0100,3093
1150707,2880,華南金,21077808,816929898,38.00,39.00,38.00,38.95,0.7000,8939
1150707,2881,富邦金,21149786,2594022933,121.50,123.50,121.00,123.00,1.5000,9607
1150707,2881A,富邦特,93979,5816922,61.90,62.00,61.80,61.90,0.0000,36
1150707,2881B,富邦金乙特,47231,2862374,60.80,60.90,60.50,60.80,-0.1000,29
1150707,2881C,富邦金丙特,41404,2107175,50.80,50.90,50.80,50.90,0.1000,49
1150707,2882,國泰金,45192689,4353364764,94.00,97.50,94.00,97.00,3.6000,21145
1150707,2882A,國泰特,60132,3608082,60.00,60.10,60.00,60.10,0.1000,43
1150707,2882B,國泰金乙特,56569,3310942,58.70,58.70,58.40,58.60,-0.2000,39
1150707,2883,凱基金,126248707,3814660473,28.75,30.90,28.75,30.10,1.1000,34628
1150707,2883B,凱基金乙特,1432501,11435489,7.99,8.00,7.97,7.99,0.0000,233
1150707,2884,玉山金,49161491,1696587016,34.30,34.65,34.30,34.50,0.0500,13989
1150707,2885,元大金,37537703,2634577251,68.20,71.90,68.10,69.80,1.4000,17916
1150707,2886,兆豐金,36302702,1703876931,46.25,47.20,46.25,46.80,0.5000,10850
1150707,2887,台新新光金,85489406,2999080270,34.30,35.50,34.30,34.90,0.6000,22172
1150707,2887E,台新新光戊特一,258112,12608621,48.90,49.00,48.70,48.95,0.1500,180
1150707,2887F,台新新光戊特二,70220,3235946,46.15,46.15,46.00,46.10,0.0000,49
1150707,2887G,台新新光庚特一,58863,2489006,42.30,42.35,42.25,42.30,-0.1000,36
1150707,2887H,台新新光庚特二,138460,5615893,40.55,40.65,40.50,40.65,0.0500,54
1150707,2887I,台新新光辛特,4398809,41523564,9.44,9.46,9.43,9.44,0.0000,800
1150707,2887Z1,台新新光己特,2494654,43667856,17.50,17.85,17.45,17.50,0.0000,78
1150707,2889,國票金,8919366,135826187,15.10,15.30,15.10,15.30,0.1000,2050
1150707,2890,永豐金,45168859,1866048859,41.00,41.80,40.85,41.10,0.1000,11831
1150707,2891,中信金,57622759,4095869368,71.30,72.20,70.20,70.20,-1.2000,19589
1150707,2891B,中信金乙特,7531,488630,64.90,64.90,64.90,64.90,0.0000,23
1150707,2891C,中信金丙特,25241,1585320,62.80,63.00,62.80,63.00,0.2000,33
1150707,2892,第一金,41274232,1378117558,33.05,33.65,33.05,33.30,0.2500,13112
1150707,2897,王道銀行,4957650,52506064,10.60,10.65,10.55,10.55,0.0000,970
1150707,2897B,王道銀乙特,58799,699015,11.85,11.90,11.85,11.90,0.0500,36
1150707,2901,欣欣,16885,404557,23.70,24.20,23.70,24.20,0.5000,42
1150707,2903,遠百,1109489,24906645,22.50,22.65,22.30,22.40,-0.1500,630
1150707,2904,匯僑,59354,829117,13.90,14.15,13.80,14.15,0.2000,49
1150707,2905,三商,544334,8271819,15.35,15.35,15.10,15.20,-0.0500,288
1150707,2906,高林,780106,11069297,14.45,14.45,14.05,14.20,-0.0500,361
1150707,2908,特力,695191,14659836,21.40,21.40,21.20,21.20,-0.2000,127
1150707,2910,統領,39000,880200,22.95,22.95,22.10,22.20,-0.1500,18
1150707,2911,麗嬰房,519669,4006020,7.89,8.05,7.50,7.89,0.0600,304
1150707,2912,統一超,3453101,831610321,240.00,243.00,239.00,240.00,0.0000,3628
1150707,2913,農林,1775981,19756839,11.30,11.30,11.05,11.05,-0.2000,740
1150707,2915,潤泰全,1787374,93563030,52.70,52.90,51.90,51.90,-0.5000,886
1150707,2923,鼎固-KY,52303,1384575,26.90,27.05,25.95,27.05,0.1500,55
1150707,2929,淘帝-KY,327893,1919720,5.90,5.90,5.81,5.84,-0.0600,130
1150707,2939,永邑-KY,30000,575150,19.45,19.45,18.85,19.40,-0.1000,22
1150707,2945,三商家購,19006,786650,41.30,41.80,41.10,41.70,-0.3000,12
1150707,3002,歐格,804114,17772751,23.70,23.70,21.00,21.05,-0.6000,557
1150707,3003,健和興,1415179,95513703,67.30,69.00,66.10,66.10,-0.2000,1232
1150707,3004,豐達科,1978639,296163067,156.50,156.50,146.50,146.50,-13.0000,3847
1150707,3005,神基,3968097,427295715,110.50,111.00,106.00,107.00,-3.0000,3406
1150707,3006,晶豪科,15996495,3556268261,220.50,232.00,216.50,219.00,0.0000,12970
1150707,3008,大立光,2546061,10087945925,4150.00,4150.00,3870.00,3890.00,-245.0000,35960
1150707,3010,華立,858366,107490902,128.00,128.50,123.50,123.50,-3.5000,983
1150707,3011,今皓,841650,11370478,13.85,13.85,13.25,13.30,-0.4000,455
1150707,3013,晟銘電,1312135,141309657,109.50,111.00,105.00,105.50,-3.5000,1502
1150707,3014,聯陽,2659592,412710981,158.00,158.00,152.50,153.00,-5.0000,2693
1150707,3015,全漢,8107608,567636948,74.00,74.30,67.40,67.40,-7.4000,5864
1150707,3016,嘉晶,10142843,1232939324,129.50,129.50,116.00,118.00,-10.5000,9143
1150707,3017,奇鋐,4349877,10910593515,2670.00,2670.00,2410.00,2450.00,-220.0000,25785
1150707,3018,隆銘綠能,11781,141925,12.05,12.05,12.05,12.05,0.0000,17
1150707,3019,亞光,4586369,675046195,152.50,153.50,143.50,144.00,-7.5000,7708
1150707,3021,鴻名,446116,12166508,28.45,28.45,26.65,27.10,-1.2000,397
1150707,3022,威強電,2557766,223046513,87.10,88.20,86.30,87.60,0.8000,1864
1150707,3023,信邦,3846533,1277731556,345.00,349.00,325.00,325.00,-6.0000,3869
1150707,3024,憶聲,1386261,17037976,12.60,12.60,12.15,12.30,-0.2000,559
1150707,3025,星通,2462227,153576536,64.10,65.00,61.60,61.60,-6.8000,1934
1150707,3026,禾伸堂,12818325,11742719047,955.00,986.00,867.00,867.00,-96.0000,26834
1150707,3027,盛達,1088990,24072027,23.35,23.35,21.05,21.35,-1.4000,775
1150707,3028,增你強,2392841,188612563,79.80,80.90,77.30,77.60,-2.5000,2115
1150707,3029,零壹,1039550,107161525,104.00,104.50,102.00,103.00,-0.5000,1162
1150707,3030,德律,3331254,1001982813,310.00,310.50,294.50,296.00,-14.0000,5566
1150707,3031,佰鴻,5779095,198246337,33.85,35.60,32.20,32.65,-1.1000,3749
1150707,3032,偉訓,433398,33753795,80.10,80.20,76.00,76.50,-2.9000,502
1150707,3033,威健,4374999,219209933,50.80,51.10,49.30,49.40,-1.0000,3068
1150707,3034,聯詠,5638571,3035636513,539.00,553.00,531.00,531.00,-7.0000,6966
1150707,3035,智原,6520270,1332482836,212.50,214.50,197.50,199.00,-12.0000,8919
1150707,3036,文曄,10942745,2377182725,220.00,223.50,211.00,214.00,-5.0000,9638
1150707,3037,欣興,44703256,38987206344,880.00,901.00,836.00,840.00,-77.0000,157478
1150707,3038,全台,241040,5430968,22.95,23.00,22.20,22.25,-0.5500,205
1150707,3040,遠見,78676,2967915,38.45,38.50,37.30,37.30,-0.8500,1099
1150707,3041,揚智,2075861,56451812,28.40,28.55,26.30,26.75,-1.6500,1378
1150707,3042,晶技,37448240,8214461455,224.50,234.00,208.00,210.00,-14.5000,29834
1150707,3043,科風,168961,3782970,23.05,23.05,21.90,21.90,-1.1500,155
1150707,3044,健鼎,3714404,1817593879,509.00,509.00,475.00,475.50,-30.5000,9629
1150707,3045,台灣大,16737200,1972661190,118.00,119.50,116.50,116.50,-1.0000,4814
1150707,3046,建碁,5304630,309209027,58.30,58.40,57.20,58.40,5.3000,4162
1150707,3047,訊舟,1812314,29551119,16.85,16.95,15.90,16.35,-0.4500,974
1150707,3048,益登,3435576,211756049,64.20,64.60,60.00,60.50,0.0000,2842
1150707,3049,精金,5068188,65255994,13.10,13.35,12.55,12.65,-0.4500,3785
1150707,3050,鈺德,2240537,27862766,12.95,12.95,12.10,12.30,-0.6500,670
1150707,3051,力特,1357626,36693617,27.90,28.00,26.35,26.45,-1.1500,849
1150707,3052,夆典,375436,4110190,11.05,11.05,10.85,10.95,-0.0500,346
1150707,3054,立萬利,80832,4966629,62.90,62.90,60.10,61.00,-2.6000,82
1150707,3055,蔚華科,2405833,410662883,169.00,176.50,162.50,176.00,15.5000,4358
1150707,3056,富華新,1220942,18232186,15.05,15.15,14.75,14.80,-0.2000,511
1150707,3057,喬鼎,240761,4548765,19.80,19.80,18.65,18.80,-0.7000,267
1150707,3058,立德,1124017,10521743,9.65,9.66,9.18,9.18,-0.4700,687
1150707,3059,華晶科,6857463,333084043,50.40,50.50,47.15,47.35,-2.7500,5327
1150707,3060,銘異,5059607,186527868,38.05,38.30,35.50,36.00,-1.8000,3241
1150707,3062,建漢,2749442,66935785,25.00,25.05,23.90,24.10,-0.8000,1711
1150707,3090,日電貿,1252092,394425437,335.00,335.00,306.00,306.00,-34.0000,2375
1150707,3092,鴻碩,2564014,85468684,35.50,35.60,30.05,30.60,-1.8000,1386
1150707,3094,聯傑,7138774,292055034,42.95,43.40,39.05,39.50,-3.4000,5248
1150707,3130,一零四,50696,11194173,221.00,221.00,220.50,220.50,-0.5000,190
1150707,3135,凌航,1340170,237550289,185.00,185.00,173.00,173.50,-9.5000,1752
1150707,3138,耀登,376172,43554355,120.00,121.00,113.00,113.50,-5.0000,605
1150707,3149,正達,10761415,943818532,88.90,90.30,84.30,86.20,-1.7000,8536
1150707,3150,鈺寶-創,73101,1376717,18.85,19.10,18.70,18.70,-0.3500,44
1150707,3164,景岳,68474,1131106,16.55,16.65,16.40,16.50,0.0000,64
1150707,3167,大量,3969823,3482626592,913.00,921.00,830.00,834.00,-71.0000,16438
1150707,3168,眾福科,22025,986050,46.30,46.30,44.20,44.20,-1.3500,23
1150707,3189,景碩,6854269,4937308784,761.00,770.00,687.00,687.00,-76.0000,17655
1150707,3209,全科,1160847,69081022,60.80,61.10,58.20,58.50,-1.9000,978
1150707,3229,晟鈦,404589,16422458,41.70,42.70,38.80,39.10,-2.6000,337
1150707,3231,緯創,34773345,5461020838,158.50,159.50,155.50,155.50,-2.5000,24357
1150707,3257,虹冠電,3384155,233665325,73.30,74.60,65.90,65.90,-6.3000,3932
1150707,3266,昇陽,44028,594978,13.55,13.55,13.45,13.55,0.0000,34
1150707,3296,勝德,244849,6929323,29.80,29.80,27.20,27.45,-2.5500,442
1150707,3305,昇貿,4275683,581581009,138.50,142.50,130.00,130.50,-6.0000,3834
1150707,3308,聯德,251354,5517769,22.80,23.30,21.50,21.50,-1.1500,286
1150707,3311,閎暉,1077342,40888666,38.90,39.50,36.40,36.55,-2.0500,1030
1150707,3312,弘憶股,2215520,128996328,60.50,60.60,57.00,57.10,-2.9000,1824
1150707,3321,同泰,2589804,67113622,25.05,26.55,24.70,24.80,0.6500,1115
1150707,3338,泰碩,833736,57838155,72.70,72.70,67.70,67.70,-4.6000,1742
1150707,3346,麗清,2332599,64546781,28.25,28.70,26.90,27.25,-1.0000,1494
1150707,3356,奇偶,722004,43883816,62.30,62.30,60.00,60.30,-1.7000,822
1150707,3376,新日興,3128789,613197248,200.00,200.50,193.50,194.50,-4.5000,4266
1150707,3380,明泰,2601849,89523588,35.65,35.90,33.70,34.05,-1.3500,1719
1150707,3406,玉晶光,2286680,1428160897,653.00,660.00,606.00,609.00,-44.0000,5072
1150707,3413,京鼎,10673054,3727124433,338.00,358.00,331.50,344.00,18.5000,12128
1150707,3416,融程電,392721,72368280,187.50,188.00,181.50,182.00,-5.0000,506
1150707,3419,譁裕,537839,7437638,14.20,14.30,13.50,13.75,-0.5000,272
1150707,3432,台端,77175,1382320,18.05,18.40,17.65,18.40,0.0000,92
1150707,3437,榮創,2011985,44617921,21.95,22.90,21.05,21.15,-0.6000,1477
1150707,3443,創意,2274231,10479238655,4770.00,4830.00,4425.00,4480.00,-125.0000,12141
1150707,3447,展達,195472,7183429,38.35,38.35,36.20,36.20,-1.3000,250
1150707,3450,聯鈞,2036271,1046584714,534.00,544.00,493.00,495.00,-25.0000,3823
1150707,3481,群創,736170170,50029370760,70.20,72.20,63.80,64.20,-5.0000,338127
1150707,3494,誠研,122577,948667,7.84,7.89,7.63,7.80,-0.1500,86
1150707,3501,維熹,338801,13819596,41.55,41.55,40.45,40.50,-1.0500,351
1150707,3504,揚明光,843194,63514821,78.30,78.70,73.10,73.40,-4.8000,907
1150707,3515,華擎,323985,69507029,219.00,219.00,212.50,212.50,-4.5000,761
1150707,3518,柏騰,1800998,64980268,36.55,37.80,34.75,35.30,-0.7500,1589
1150707,3528,安馳,580143,57205095,100.50,101.50,96.60,97.10,-3.4000,677
1150707,3530,晶相光,232339,15859306,70.00,70.10,67.10,67.10,-2.4000,433
1150707,3532,台勝科,9309818,3721963821,410.50,429.00,376.00,383.00,-23.0000,10112
1150707,3533,嘉澤,862045,1755919110,2125.00,2155.00,1960.00,1965.00,-160.0000,5164
1150707,3535,晶彩科,1833195,198144226,114.00,114.50,104.50,105.00,-8.0000,2282
1150707,3543,州巧,5156040,170798846,34.80,34.80,31.45,31.55,-0.4000,3078
1150707,3545,敦泰,2511967,147952432,59.10,60.80,56.90,57.10,-1.4000,1820
1150707,3550,聯穎,6302607,192651615,32.45,32.70,29.00,29.35,-2.8500,3795
1150707,3557,嘉威,41386,1071192,26.50,26.55,25.45,25.70,-0.5500,75
1150707,3563,牧德,1164380,876595270,771.00,787.00,724.00,726.00,-51.0000,3607
1150707,3576,聯合再生,15762797,259650476,16.90,17.10,16.00,16.10,-0.7500,6588
1150707,3583,辛耘,1252626,1044138951,860.00,878.00,805.00,808.00,-52.0000,4255
1150707,3588,通嘉,1683609,120205410,73.50,76.00,68.10,68.40,-5.7000,3562
1150707,3591,艾笛森,1905515,50736129,27.30,27.50,25.80,26.05,-0.9500,1382
1150707,3592,瑞鼎,901489,246482234,276.50,278.50,268.50,271.00,-4.5000,1201
1150707,3593,力銘,39309,560359,14.10,14.70,14.05,14.70,-0.0500,36
1150707,3596,智易,2059077,405101466,199.50,202.50,192.00,193.50,-3.5000,6114
1150707,3605,宏致,22362302,2016480278,90.00,95.70,84.30,84.90,-2.8000,14517
1150707,3607,谷崧,906021,15000001,16.95,16.95,16.15,16.20,-0.8500,484
1150707,3617,碩天,395381,86349182,221.00,223.00,216.00,216.50,-3.5000,485
1150707,3622,洋華,293469,16803296,57.80,58.00,56.80,56.80,-1.1000,225
1150707,3645,達邁,1813763,159187078,91.60,91.60,85.50,85.50,-5.5000,1915
1150707,3652,精聯,348219,12546088,37.10,37.10,35.00,35.10,-2.2000,273
1150707,3653,健策,1091256,3551564580,3315.00,3355.00,3170.00,3195.00,-125.0000,9157
1150707,3661,世芯-KY,1867282,7791159250,4250.00,4360.00,4025.00,4035.00,-180.0000,14364
1150707,3665,貿聯-KY,4686875,9622101995,2020.00,2130.00,1975.00,1980.00,35.0000,14870
1150707,3669,圓展,148850,5319134,36.55,36.60,35.00,35.05,-1.3000,134
1150707,3673,TPK-KY,9944649,779669870,81.90,83.20,76.00,76.00,-5.2000,8485
1150707,3679,新至陞,46950,5131730,110.00,110.00,108.50,108.50,-1.5000,90
1150707,3686,達能,338019,5658657,17.10,17.15,16.50,16.65,-0.6500,244
1150707,3694,海華,1964395,124077458,65.70,66.10,61.20,61.40,-4.1000,1790
1150707,3701,大眾控,990084,43530944,45.80,46.15,42.50,42.60,-2.2000,808
1150707,3702,大聯大,9681413,1070503464,111.50,112.50,109.00,109.00,-1.0000,4631
1150707,3703,欣陸,727154,15029068,20.85,20.85,20.60,20.75,-0.1000,510
1150707,3704,合勤控,3319181,150914822,46.55,46.55,44.35,44.85,0.0000,2140
1150707,3705,永信,176817,9669873,54.60,55.10,54.30,54.70,0.2000,150
1150707,3706,神達,18355410,1646775491,90.50,91.50,88.00,88.00,-2.0000,13426
1150707,3708,上緯投控,1114219,125851902,117.00,117.00,110.00,110.50,-8.0000,2085
1150707,3711,日月光投控,24720074,16549718348,684.00,702.00,648.00,651.00,-28.0000,52784
1150707,3712,永崴投控,4934919,86744036,17.55,18.05,17.55,17.55,-1.9000,2146
1150707,3714,富采,15724941,1008949820,65.20,67.90,60.90,61.30,-2.8000,10562
1150707,3715,定穎投控,11550106,1838167416,166.50,166.50,154.50,155.50,-9.5000,14653
1150707,3716,中化控股,232739,8224402,35.85,35.85,35.10,35.40,-0.2000,223
1150707,3717,聯嘉投控,21643392,629004854,30.10,31.00,27.20,27.60,-1.7500,9996
1150707,4104,佳醫,246020,17088079,69.90,69.90,69.10,69.50,-0.2000,345
1150707,4106,雃博,140571,3301068,23.45,23.70,23.40,23.60,-0.1000,121
1150707,4108,懷特,262733,3236869,12.70,12.70,12.15,12.35,-0.1500,238
1150707,4119,旭富,128155,5723121,45.20,45.20,44.15,44.75,-0.6000,142
1150707,4133,亞諾法,159984,3390806,21.20,21.65,20.90,21.20,0.0000,177
1150707,4137,麗豐-KY,361142,34662159,96.70,97.00,95.40,95.70,-0.8000,563
1150707,4142,國光生,908800,16178928,18.10,18.10,17.70,17.70,-0.2500,510
1150707,4148,全宇生技-KY,58062,1776926,30.90,31.75,30.05,30.45,-0.4000,65
1150707,4155,訊映,616448,9592546,15.70,16.00,15.35,15.55,-0.1500,435
1150707,4164,承業醫,465058,13736341,29.55,30.00,29.25,29.45,-0.0500,401
1150707,4169,泰宗,2260009,604080519,268.00,268.00,260.50,268.00,24.0000,4434
1150707,4178,永笙-KY,296541,5514868,18.45,18.85,18.20,18.65,0.0500,175
1150707,4190,佐登-KY,26079,677421,25.75,26.10,25.75,26.10,0.0500,64
1150707,4195,基米-創,953996,17209854,17.60,18.80,17.30,18.45,1.0000,423
1150707,4306,炎洲,1727325,28036450,16.45,16.50,16.10,16.15,-0.3000,936
1150707,4414,如興,265449,2371378,9.20,9.20,8.80,8.81,-0.2000,183
1150707,4426,利勤,374659,3180158,8.66,8.66,8.38,8.46,-0.0600,177
1150707,4438,廣越,65984,4106496,62.00,62.70,61.90,62.50,-0.1000,87
1150707,4439,冠星-KY,11000,1001800,91.00,91.80,90.50,91.50,0.4000,11
1150707,4440,宜新實業,132087,2369820,18.25,18.25,17.70,17.95,-0.3000,151
1150707,4441,振大環球,32174,6133242,193.00,193.00,190.00,190.00,0.0000,42
1150707,4526,東台,3814295,151409779,41.80,41.80,38.85,39.00,-2.0000,2544
1150707,4532,瑞智,3682814,103537779,28.85,28.85,27.90,28.05,-0.8000,2070
1150707,4536,拓凱,387714,67318535,177.00,177.50,171.50,173.50,-1.5000,1908
1150707,4540,全球傳動,2628067,162119358,65.20,65.20,59.50,61.00,-2.8000,2296
1150707,4545,銘鈺,302189,11688604,40.00,40.00,37.70,37.80,-1.9500,347
1150707,4551,智伸科,3650834,983625657,272.50,290.00,254.00,254.00,-28.0000,4658
1150707,4552,力達-KY,84018,1672032,20.00,20.05,19.80,19.85,-0.1500,68
1150707,4555,氣立,778270,39780011,51.30,54.20,48.60,48.80,-1.6000,693
1150707,4557,永新-KY,107898,5355312,51.50,51.50,49.10,49.30,-0.9000,106
1150707,4560,強信-KY,195629,6603207,34.30,34.30,33.45,33.50,-0.6000,99
1150707,4562,穎漢,398320,13859031,36.20,36.20,34.00,34.00,-1.9000,641
1150707,4564,元翎,3533779,63084485,18.10,18.50,17.35,17.55,-1.6000,2221
1150707,4566,時碩工業,1141038,74908876,68.40,68.60,63.60,63.60,-5.6000,2496
1150707,4569,六方科-KY,132287,23050746,177.50,181.00,168.50,168.50,-7.5000,187
1150707,4571,鈞興-KY,433950,75258613,181.50,181.50,169.00,169.00,-11.5000,849
1150707,4572,駐龍,44940,6668379,150.50,150.50,146.00,147.00,-5.0000,71
1150707,4576,大銀微系統,3391518,782843784,242.00,244.50,221.00,223.00,-15.5000,4414
1150707,4581,光隆精密-KY,20029,1012770,50.70,50.70,50.40,50.50,-0.3000,14
1150707,4582,聚恆-創,297334,8114724,27.70,27.85,26.65,27.40,-0.3000,203
1150707,4583,台灣精銳,79002,47881363,626.00,626.00,597.00,612.00,-10.0000,289
1150707,4585,達明,456902,149700237,339.00,339.00,318.50,320.00,-8.5000,1041
1150707,4588,玖鼎電力,134831,7934060,60.10,60.30,57.90,58.10,-1.9000,174
1150707,4590,富田-創,713887,64530620,95.80,95.80,86.30,87.00,-8.8000,1029
1150707,4720,德淵,1947576,47847958,25.60,25.60,23.75,23.90,-1.7000,1167
1150707,4722,國精化,1239277,320977501,270.00,275.00,249.00,252.00,-16.0000,1607
1150707,4736,泰博,222318,28096741,125.50,127.00,125.50,126.50,1.0000,255
1150707,4737,華廣,80601,4572306,57.00,57.00,56.30,56.90,0.2000,79
1150707,4739,康普,3369673,382353493,116.00,119.50,107.50,107.50,-8.0000,2883
1150707,4746,台耀,1596097,89428205,55.40,56.70,55.20,56.10,1.0000,1372
1150707,4755,三福化,573418,78936935,142.50,142.50,134.00,134.50,-9.5000,798
1150707,4763,材料*-KY,10470391,518961781,50.00,50.60,48.90,49.20,-0.8000,5846
1150707,4764,雙鍵,922381,283379327,309.50,323.00,295.00,297.00,-11.0000,1276
1150707,4766,南寶,511232,184536122,369.00,369.00,357.00,359.00,-9.5000,938
1150707,4770,上品,178081,38970466,222.50,222.50,216.50,216.50,-3.5000,334
1150707,4771,望隼,368791,78505861,217.00,218.00,209.50,213.50,-0.5000,1005
1150707,4807,日成-KY,321067,12310062,38.30,39.95,37.05,39.70,1.6000,296
1150707,4904,遠傳,19381606,2007437918,103.50,104.50,102.50,103.00,0.0000,6755
1150707,4906,正文,10184698,417808428,42.90,43.35,39.65,40.10,-2.8500,6001
1150707,4912,聯德控股-KY,344105,30074130,90.70,90.70,85.10,85.90,-4.0000,455
1150707,4915,致伸,4875405,332675094,69.10,69.30,67.50,67.50,-0.7000,3613
1150707,4916,事欣科,8136874,887495799,113.00,113.00,107.00,107.50,-5.0000,7185
1150707,4919,新唐,12480368,2079641498,176.50,179.00,159.50,164.00,-10.0000,13229
1150707,4927,泰鼎-KY,11602664,502878908,46.90,46.90,41.80,42.00,-4.4000,7270
1150707,4930,燦星網,38076,654723,17.40,17.40,17.05,17.10,-0.2500,124
1150707,4934,太極,1310435,22499687,17.70,17.85,16.75,16.85,-0.9000,706
1150707,4935,茂林-KY,117516,4271796,36.70,37.00,36.10,36.10,-0.8000,129
1150707,4938,和碩,8561130,711515912,84.60,84.80,82.10,82.30,-2.2000,5768
1150707,4942,嘉彰,29851,1125021,37.85,37.85,37.55,37.65,-0.2000,97
1150707,4943,康控-KY,31117,268389,8.60,8.87,8.60,8.63,-0.2500,29
1150707,4949,有成精密,1600416,119805470,78.30,79.00,71.60,72.40,-6.2000,1592
1150707,4952,凌通,976394,55883647,59.20,59.50,55.70,56.00,-3.2000,962
1150707,4956,光鋐,5649356,228099125,38.45,41.90,38.45,38.45,-0.3500,4015
1150707,4958,臻鼎-KY,39380209,22206013011,581.00,594.00,544.00,548.00,-31.0000,67263
1150707,4960,誠美材,4647116,113444578,25.70,25.85,23.70,23.95,-1.5000,3012
1150707,4961,天鈺,1436623,255752799,178.00,183.00,174.00,175.00,-2.0000,3654
1150707,4967,十銓,2556522,650959484,262.00,262.00,248.50,249.50,-11.5000,3384
1150707,4968,立積,944426,109028073,119.00,120.00,112.50,113.00,-5.0000,1136
1150707,4976,佳凌,1673610,63651711,39.40,39.80,37.00,37.05,-2.3500,1409
1150707,4977,眾達-KY,3174937,500716977,161.50,169.00,147.50,150.00,-9.0000,3460
1150707,4989,榮科,17997681,1916642494,114.00,115.50,99.90,99.90,-11.1000,24398
1150707,4994,傳奇,13385,1216732,91.00,92.00,90.10,90.20,-0.8000,22
1150707,4999,鑫禾,66106,1341778,20.60,20.60,20.00,20.10,-0.5000,219
1150707,5007,三星,22118,1228989,55.60,55.90,55.50,55.70,-0.2000,24
1150707,5203,訊連,315816,21765749,70.70,70.70,67.70,68.00,-2.7000,490
1150707,5215,科嘉-KY,163714,7550180,47.50,47.50,45.05,45.05,-1.7500,184
1150707,5222,全訊,703643,88861650,129.50,129.50,124.00,124.50,-5.0000,1323
1150707,5225,東科-KY,357514,26987408,76.80,77.40,72.50,75.40,-1.2000,293
1150707,5234,達興材料,702014,275933179,416.00,416.50,379.50,379.50,-31.5000,2752
1150707,5243,乙盛-KY,3871551,395244099,106.00,108.50,97.70,98.00,-5.5000,3340
1150707,5244,弘凱,174072,6156752,36.00,36.35,34.75,34.85,-1.0000,144
1150707,5258,虹堡,399370,20499230,51.70,52.30,50.70,51.00,-0.6000,363
1150707,5269,祥碩,1138484,1732707660,1525.00,1550.00,1500.00,1500.00,-20.0000,3672
1150707,5283,禾聯碩,81174,4372442,54.30,54.30,53.60,53.70,-0.9000,284
1150707,5284,jpp-KY,889584,313568210,361.50,363.00,345.50,347.50,-14.0000,1393
1150707,5285,界霖,6483750,681885536,104.00,108.50,102.00,103.00,-3.5000,4930
1150707,5288,豐祥-KY,206993,38819440,187.00,192.00,184.50,187.00,0.5000,557
1150707,5292,華懋,118946,26860010,228.00,230.00,224.00,224.00,-4.5000,446
1150707,5306,桂盟,112419,9722561,86.90,87.20,86.00,86.20,-0.7000,173
1150707,5388,中磊,12383423,1057098900,85.80,87.90,83.10,83.40,2.0000,8932
1150707,5434,崇越,2280501,1204860537,529.00,544.00,516.00,516.00,-6.0000,2678
1150707,5469,瀚宇博,5279684,456016471,89.00,89.10,83.10,83.10,-4.9000,4317
1150707,5471,松翰,4345044,272906179,65.30,65.40,60.90,61.10,-2.7000,3720
1150707,5484,慧友,479521,22187816,47.85,48.25,45.05,45.50,-2.2500,519
1150707,5515,建國,318025,12934297,40.70,41.00,40.40,40.65,0.0500,255
1150707,5519,隆大,1360477,46717961,34.55,34.65,34.05,34.15,-0.4000,849
1150707,5521,工信,3307870,34775838,10.80,10.80,10.45,10.50,-0.2000,1152
1150707,5522,遠雄,800759,51595402,64.70,65.50,63.90,64.10,-0.7000,762
1150707,5525,順天,108436,2348717,21.95,21.95,21.50,21.70,-0.1500,77
1150707,5531,鄉林,583910,4702436,8.08,8.14,7.97,8.00,-0.0600,308
1150707,5533,皇鼎,157434,2229217,14.25,14.25,14.10,14.20,0.0000,59
1150707,5534,長虹,924182,73006909,80.00,80.30,78.00,79.30,-1.0000,1443
1150707,5538,東明-KY,65559,2214140,33.90,34.30,33.30,33.35,0.2500,59
1150707,5546,永固-KY,20000,331800,16.85,16.85,16.40,16.80,-0.1000,14
1150707,5607,遠雄港,544200,27957691,52.10,52.30,50.80,50.90,-1.1000,483
1150707,5608,四維航,1485799,21772640,15.05,15.10,14.40,14.50,-0.4500,869
1150707,5706,鳳凰,172549,8214071,48.10,48.30,47.35,47.50,-0.5500,262
1150707,5871,中租-KY,5706484,653516119,115.50,116.00,114.00,114.00,-1.5000,4200
1150707,5871A,中租-KY甲特,21190,2163330,102.00,102.50,102.00,102.50,0.5000,24
1150707,5876,上海商銀,11041618,466841933,41.70,42.60,41.70,42.40,0.7000,5160
1150707,5880,合庫金,17111947,426383635,24.80,25.00,24.80,24.90,0.0500,5667
1150707,5906,台南-KY,15002,527471,35.55,35.80,34.40,35.15,0.0000,13
1150707,5907,大洋-KY,410939,2077568,5.18,5.18,5.00,5.00,-0.1800,203
1150707,6005,群益證,14488352,561040981,38.80,39.65,37.85,38.05,-0.4000,7902
1150707,6024,群益期,319206,19857839,62.50,62.70,61.70,62.30,-0.2000,592
1150707,6108,競國,548145,10220082,18.95,19.10,18.35,18.35,-0.6500,301
1150707,6112,邁達特,602487,26981864,45.05,45.80,43.90,44.20,-0.6500,504
1150707,6115,鎰勝,340088,16500648,48.75,48.75,48.25,48.30,-0.4000,223
1150707,6116,彩晶,81022973,1453220707,18.30,19.10,17.10,17.15,-1.0500,30318
1150707,6117,迎廣,218866,16016276,74.40,74.80,72.00,72.10,-1.7000,336
1150707,6120,達運,2823367,39883443,14.75,14.80,13.75,13.90,-0.7000,1351
1150707,6128,上福,79584,1622262,20.60,20.60,20.20,20.20,-0.4500,89
1150707,6133,金橋,4548880,119731131,27.35,27.40,25.25,25.60,-1.9000,2792
1150707,6136,富爾特,333550,8027673,24.35,24.35,23.90,23.95,-0.4000,203
1150707,6139,亞翔,4642597,4207566643,936.00,948.00,879.00,883.00,-49.0000,11603
1150707,6141,柏承,664779,24239604,37.50,38.60,35.00,35.00,-2.5000,493
1150707,6142,友勁,800791,7525284,9.41,9.69,9.25,9.32,-0.4200,368
1150707,6152,百一,715533,9541858,13.70,13.70,13.10,13.30,-0.4000,507
1150707,6153,嘉聯益,6721556,136054212,20.50,20.95,19.80,19.85,-0.7000,3224
1150707,6155,鈞寶,3824548,300019370,83.40,85.00,74.50,75.50,-7.2000,3425
1150707,6164,華興,6259879,95639252,15.40,16.20,14.30,14.80,-0.9000,2981
1150707,6165,浪凡,1163659,60188821,52.00,52.90,50.80,51.20,-0.8000,941
1150707,6166,凌華,1143713,149441898,134.00,135.50,127.00,128.50,-2.0000,1228
1150707,6168,宏齊,5407145,161285929,30.10,31.25,28.30,28.40,-1.5000,5314
1150707,6176,瑞儀,5255121,479371502,92.50,92.60,90.30,91.20,-0.8000,5002
1150707,6177,達麗,1323622,60619396,46.20,46.40,45.20,45.35,-0.8500,1220
1150707,6183,關貿,19623,1760867,90.20,90.20,89.20,90.10,-0.1000,65
1150707,6184,大豐電,49879,2140552,43.15,43.15,42.80,43.05,-0.2000,93
1150707,6189,豐藝,867996,45280045,53.10,53.10,51.40,51.50,-1.2000,908
1150707,6191,精成科,11571045,1231930323,108.00,109.50,103.50,103.50,-3.5000,7249
1150707,6192,巨路,179898,21550103,121.00,121.00,118.50,119.50,-2.5000,280
1150707,6196,帆宣,2258517,1295625191,591.00,591.00,552.00,562.00,-8.0000,4417
1150707,6197,佳必琪,6637208,2518425286,388.50,405.00,355.50,360.00,-12.5000,9331
1150707,6201,亞弘電,19455,957781,49.50,49.50,49.15,49.15,-0.3500,26
1150707,6202,盛群,5482408,365677537,69.60,69.60,64.50,64.80,-4.3000,4258
1150707,6205,詮欣,1196679,86158666,76.00,76.20,69.60,70.50,-5.0000,1380
1150707,6206,飛捷,733604,96739156,134.50,135.50,130.00,131.00,-2.5000,1059
1150707,6209,今國光,5573680,433846267,81.30,82.20,75.10,75.10,-6.0000,4585
1150707,6213,聯茂,44609506,17677399130,392.00,424.50,373.00,379.00,-17.0000,43034
1150707,6214,精誠,1674593,225391645,136.50,136.50,133.00,133.00,-3.5000,1305
1150707,6215,和椿,1394214,157865636,115.00,116.00,112.00,113.50,-2.0000,1390
1150707,6216,居易,221555,5129255,23.25,23.45,22.95,22.95,-0.3000,152
1150707,6224,聚鼎,1902769,146143998,81.10,82.30,74.00,75.10,-5.9000,1586
1150707,6225,天瀚,21110,495884,23.50,23.60,23.15,23.15,-0.3500,21
1150707,6226,光鼎,4491717,107963867,23.80,25.20,23.00,23.60,0.5000,2028
1150707,6230,尼得科超眾,55764,6966370,128.50,129.50,122.50,122.50,-4.0000,484
1150707,6235,華孚,3916831,174660603,46.40,46.40,43.05,43.10,-3.8500,5106
1150707,6239,力成,34189120,11426561263,349.00,360.00,316.00,323.50,-21.0000,36009
1150707,6243,迅杰,320960,13053857,41.00,41.85,39.05,39.25,-1.9500,338
1150707,6257,矽格,18889081,4792942026,270.00,274.50,242.00,242.00,0.0000,41874
1150707,6269,台郡,6902784,441709991,66.50,67.70,62.10,62.50,-4.2000,5566
1150707,6271,同欣電,18362426,4693912066,272.00,278.00,245.00,247.00,-25.0000,25330
1150707,6272,驊陞,291834,9276966,32.70,32.80,30.80,30.80,-1.7000,213
1150707,6277,宏正,70874,4970843,70.40,70.70,69.60,70.30,-0.3000,89
1150707,6278,台表科,6932943,1389973968,205.50,207.00,195.00,195.00,-7.5000,7783
1150707,6281,全國電,65020,3363591,52.00,52.00,51.60,51.90,-0.2000,161
1150707,6282,康舒,28175226,1634939954,60.60,61.30,55.70,56.20,-3.6000,18889
1150707,6283,淳安,192886,4586833,24.10,24.45,23.40,23.40,-0.7000,130
1150707,6285,啟碁,7373682,1842377887,259.50,261.00,242.00,243.50,-15.0000,9541
1150707,6405,悅城,1372629,78671349,60.80,61.10,55.30,56.00,-5.4000,1445
1150707,6409,旭隼,2066045,2545718085,1290.00,1325.00,1180.00,1185.00,-105.0000,5792
1150707,6412,群電,2618907,239137202,92.60,93.50,89.40,89.60,-2.4000,2491
1150707,6414,樺漢,3996573,1616993397,398.50,418.00,397.00,400.00,16.0000,5089
1150707,6415,矽力*-KY,2996706,1711508557,615.00,620.00,558.00,560.00,-60.0000,6758
1150707,6416,瑞祺電通,1214796,110546436,91.00,91.00,91.00,91.00,8.2000,579
1150707,6426,統新,739439,141048872,190.50,200.00,181.50,183.00,-5.0000,909
1150707,6431,光麗-KY,91001,1726435,19.30,19.30,18.50,18.50,-1.1000,78
1150707,6438,迅得,1171975,183737604,164.50,164.50,152.00,154.00,-10.0000,1631
1150707,6442,光聖,2543915,4166975070,1615.00,1710.00,1535.00,1540.00,-55.0000,8311
1150707,6443,元晶,9999282,328300321,35.00,35.00,31.25,31.75,-2.8500,6262
1150707,6446,藥華藥,3569848,5346883930,1470.00,1540.00,1450.00,1495.00,50.0000,10711
1150707,6449,鈺邦,3060998,981928756,330.00,342.50,303.50,308.50,-20.5000,3731
1150707,6451,訊芯-KY,5729760,3054879371,526.00,570.00,492.00,496.50,-24.5000,8501
1150707,6456,GIS-KY,4726433,325269712,71.20,71.30,66.50,66.60,-4.6000,3732
1150707,6464,台數科,128284,9970028,77.40,78.00,77.40,78.00,0.5000,23
1150707,6472,保瑞,940292,405801078,432.00,439.00,425.00,425.50,-4.5000,2234
1150707,6477,安集,3349477,121486426,39.55,39.55,35.15,35.20,-3.8500,3626
1150707,6491,晶碩,1218132,464513675,374.50,387.00,374.50,378.00,4.0000,1962
1150707,6504,南六,28016,1006877,36.00,36.05,35.80,36.00,-0.3000,29
1150707,6505,台塑化,11456997,670197217,59.60,59.80,57.70,58.00,-1.5000,6607
1150707,6515,穎崴,610143,5113401430,9080.00,9245.00,8025.00,8025.00,-890.0000,11941
1150707,6525,捷敏-KY,8084793,1745422586,210.00,221.00,198.50,221.00,20.0000,12241
1150707,6526,達發,994041,657127895,685.00,691.00,647.00,648.00,0.0000,1961
1150707,6531,愛普*,3294542,3053576573,960.00,969.00,892.00,895.00,-59.0000,7113
1150707,6533,晶心科,367677,72358395,203.50,203.50,191.50,192.00,-8.0000,601
1150707,6534,正瀚-創,203346,18806825,90.50,94.80,90.40,91.00,0.8000,195
1150707,6541,泰福-KY,457507,18906408,41.80,41.80,40.80,41.30,-0.3500,342
1150707,6550,北極星藥業-KY,1451435,19816158,14.00,14.00,13.40,13.55,-0.3000,681
1150707,6552,易華電,230307,7040136,31.80,31.90,29.70,30.05,-1.7500,257
1150707,6558,興能高,866533,26794440,32.15,32.45,29.75,30.10,-1.7000,773
1150707,6573,虹揚-KY,3370768,90688092,29.20,29.80,24.85,25.05,-2.5500,2143
1150707,6579,研揚,5136763,921734985,173.50,180.50,173.50,179.00,14.5000,5086
1150707,6581,鋼聯,8515,912896,107.50,107.50,107.00,107.00,0.0000,22
1150707,6582,申豐,78956,2611876,33.70,33.70,32.85,32.90,-0.6000,145
1150707,6585,鼎基,997349,123263969,129.50,130.00,120.00,121.50,-7.5000,684
1150707,6589,台康生技,1502393,76614062,51.40,51.90,50.30,50.70,-0.7000,1267
1150707,6591,動力-KY,316745,16339936,51.80,52.00,51.00,51.00,0.0000,356
1150707,6592,和潤企業,2475395,151942097,61.20,62.70,60.70,61.20,-0.7000,981
1150707,6592A,和潤企業甲特,4283,406500,94.80,95.10,94.70,95.10,0.1000,13
1150707,6592B,和潤企業乙特,7071,674087,95.40,95.40,95.10,95.10,-0.1000,6
1150707,6598,ABC-KY,64810,1488188,23.00,23.65,22.60,22.95,-0.3000,88
1150707,6605,帝寶,823746,112549014,137.00,137.50,135.50,136.50,-0.5000,678
1150707,6606,建德工業,274311,6877779,25.20,25.20,25.00,25.20,0.2500,122
1150707,6614,資拓宏宇,58158,2335851,40.50,40.50,40.00,40.00,-0.4000,64
1150707,6625,必應,247847,19607080,79.80,79.90,78.50,79.30,0.1000,430
1150707,6641,基士德-KY,101913,1959823,19.30,19.35,19.05,19.10,-0.1500,79
1150707,6645,金萬林-創,72840,1157335,16.10,16.10,15.80,15.90,-0.2500,53
1150707,6655,科定,8000,957500,119.50,121.00,119.00,121.00,-1.0000,7
1150707,6657,華安,202920,7501808,36.90,37.50,36.30,37.45,0.7000,193
1150707,6658,聯策,916817,182453571,208.00,209.00,192.50,194.50,-11.0000,1227
1150707,6666,羅麗芬-KY,100001,4349743,44.15,44.15,43.05,43.60,0.1500,23
1150707,6668,中揚光,846873,32326200,39.00,39.50,37.40,37.65,-1.4000,611
1150707,6669,緯穎,2201738,11299402005,5025.00,5235.00,5010.00,5015.00,-20.0000,14168
1150707,6670,復盛應用,343761,89463667,259.00,264.00,257.50,258.50,-1.0000,449
1150707,6671,三能-KY,31000,762050,24.60,24.90,24.50,24.70,-0.0500,29
1150707,6672,騰輝電子-KY,7412931,2306206285,315.00,324.50,296.00,300.00,-8.0000,9545
1150707,6674,鋐寶科技,24090,404707,16.90,17.10,16.70,16.90,-0.2000,26
1150707,6689,伊雲谷,124255,7944752,65.30,65.30,63.20,63.50,-1.4000,196
1150707,6691,洋基工程,1380308,1029947180,750.00,770.00,728.00,728.00,-20.0000,2363
1150707,6695,芯鼎,1271335,72046572,58.70,59.50,54.90,55.10,-3.6000,1539
1150707,6698,旭暉應材,672023,27904122,42.20,42.75,40.65,41.30,-0.7500,653
1150707,6706,惠特,1902576,273072304,146.00,153.50,136.50,138.50,-8.5000,2155
1150707,6715,嘉基,97272,44499470,481.00,481.00,433.00,452.00,-18.0000,246
1150707,6719,力智,7045885,2079289078,312.00,312.00,282.00,284.50,-28.0000,8417
1150707,6722,輝創,46714,1630496,35.10,35.45,34.60,35.15,-0.0500,45
1150707,6742,澤米,1715218,105518918,63.30,65.60,59.00,59.30,-3.7000,1621
1150707,6743,安普新,434737,13470003,31.60,31.60,30.50,30.80,-0.6500,327
1150707,6753,龍德造船,4530233,679972777,156.50,156.50,146.00,147.00,-6.0000,7590
1150707,6754,匯僑設計,59050,2498130,42.50,43.05,42.00,42.00,-0.6500,66
1150707,6756,威鋒電子,193340,19301891,102.50,103.50,97.50,97.60,-4.9000,1088
1150707,6757,台灣虎航,1462084,88130185,61.00,61.20,59.70,60.20,-0.5000,1688
1150707,6768,志強-KY,420369,30452591,72.70,73.40,71.50,71.80,-1.7000,486
1150707,6770,力積電,161281480,11608838011,73.00,74.30,69.70,70.10,-2.5000,78693
1150707,6771,平和環保-創,20355,807960,40.10,40.10,39.40,39.80,-0.2000,24
1150707,6776,展碁國際,600334,33872928,56.50,57.60,55.40,55.50,0.5000,637
1150707,6781,AES-KY,1759846,2145283110,1260.00,1290.00,1175.00,1175.00,-75.0000,10152
1150707,6782,視陽,423334,89443335,213.00,214.50,209.50,211.00,2.5000,544
1150707,6789,采鈺,2171209,1112734452,528.00,534.00,494.00,500.00,-24.0000,4704
1150707,6790,永豐實,462208,18792605,40.95,40.95,40.50,40.50,-0.4500,235
1150707,6792,詠業,157786,9978717,65.80,65.80,62.00,62.10,-3.7000,138
1150707,6794,向榮生技,161503,13459748,81.80,85.20,81.40,85.20,3.8000,123
1150707,6796,晉弘,58578,3417882,60.80,60.80,57.50,58.00,-1.2000,68
1150707,6799,來頡,2118694,226157865,112.50,112.50,100.50,102.00,-9.5000,1932
1150707,6805,富世達,1546696,2366381610,1570.00,1630.00,1470.00,1490.00,-80.0000,6209
1150707,6807,峰源-KY,36010,1182831,33.15,33.60,32.50,33.60,-0.0500,24
1150707,6830,汎銓,1911670,853952844,440.00,479.50,416.50,424.00,-15.5000,3955
1150707,6831,邁科,1113971,906065754,890.00,890.00,775.00,775.00,-84.0000,2935
1150707,6834,天二科技,962849,116860325,130.50,132.00,115.50,118.50,-9.5000,906
1150707,6835,圓裕,137393,4809375,35.60,35.60,34.35,35.40,0.0000,136
1150707,6838,台新藥,260995,6328414,24.55,24.75,24.00,24.40,-0.3500,200
1150707,6854,錼創科技-KY創,380832,45360637,121.50,123.00,117.00,118.50,-3.0000,430
1150707,6861,睿生光電,552427,171534092,325.50,325.50,300.00,307.50,-14.0000,886
1150707,6862,三集瑞-KY,681960,129679225,192.00,199.50,183.50,184.00,0.0000,2251
1150707,6863,永道-KY,133427,12252376,93.60,94.70,90.70,91.40,-1.5000,244
1150707,6869,雲豹能源,829037,60997646,73.00,75.00,72.40,73.00,0.3000,774
1150707,6873,泓德能源,774430,70274015,90.00,93.10,88.50,89.20,-0.3000,1385
1150707,6885,全福生技,246466,5367795,21.60,22.00,21.25,21.95,0.2000,163
1150707,6887,寶綠特-KY,31001,1052640,34.35,34.40,33.65,33.80,-0.2000,30
1150707,6890,來億-KY,571385,121700772,209.00,218.00,207.00,214.50,2.0000,678
1150707,6901,鑽石投資,3603819,67748067,18.90,19.25,18.45,19.15,0.2500,2078
1150707,6902,GOGOLOOK,90586,12101393,139.00,139.00,131.50,134.00,1.5000,133
1150707,6906,現觀科,168257,14330104,87.00,87.70,83.00,83.30,-4.0000,226
1150707,6908,宏碁遊戲-創,17330,647356,37.75,37.75,37.00,37.00,-0.5000,17
1150707,6909,創控,1328981,74048745,58.70,59.30,54.00,54.10,-3.5000,1092
1150707,6914,阜爾運通,66634,9581059,145.00,145.00,143.00,143.00,-1.5000,134
1150707,6916,華凌,47100,975037,21.10,21.10,20.25,20.60,-0.4500,44
1150707,6918,愛派司,30229,2259908,75.60,75.60,74.10,74.30,-1.2000,36
1150707,6919,康霈*,10933457,1171242263,102.50,110.00,101.50,110.00,10.0000,7079
1150707,6921,嘉雨思-創,73300,4967800,68.80,69.00,66.60,67.20,-1.8000,46
1150707,6923,中台,463412,37036928,79.00,80.60,78.90,80.40,1.5000,369
1150707,6924,榮惠-KY創,50698,6407564,129.50,129.50,121.00,123.50,-6.0000,59
1150707,6928,攸泰科技,611370,33294665,57.10,57.70,52.50,53.20,-3.9000,650
1150707,6931,青松健康,77211,3077610,40.20,40.20,39.70,39.70,-0.5000,80
1150707,6933,AMAX-KY,164664,23847014,151.00,151.50,141.00,143.00,-6.0000,213
1150707,6934,心誠鎂,107300,7272059,68.50,70.00,64.20,68.90,0.9000,77
1150707,6936,永鴻生技,30194,991630,32.90,33.00,32.75,33.00,0.0000,28
1150707,6937,天虹,387715,104219791,280.50,280.50,261.50,264.00,-11.0000,720
1150707,6944,兆聯實業,669668,652837399,986.00,997.00,962.00,969.00,-12.0000,1455
1150707,6949,沛爾生醫-創,335692,307222531,899.00,950.00,884.00,920.00,29.0000,575
1150707,6951,青新-創,25531,2022130,79.50,79.60,78.90,78.90,-0.5000,58
1150707,6952,大武山,14422,505538,35.30,35.40,34.70,35.40,0.0000,19
1150707,6955,邦睿生技-創,5037,608457,121.50,121.50,120.00,120.00,-0.5000,24
1150707,6957,裕慶-KY,550852,116755439,214.00,223.00,202.50,207.00,-5.0000,527
1150707,6958,日盛台駿,29100,487052,16.80,16.85,16.65,16.85,0.0000,31
1150707,6958A,日盛台駿甲特,5193,95773,18.50,18.50,18.35,18.35,0.1500,10
1150707,6962,奕力-KY,3478781,134864795,39.25,39.80,37.85,37.95,-1.3000,2072
1150707,6965,中傑-KY,28250,2234284,80.00,80.40,77.80,79.30,0.3000,33
1150707,6969,成信實業*-創,141769,3548297,25.40,25.50,24.60,25.00,-0.6000,77
1150707,6988,威力暘-創,87000,1177900,13.60,13.60,13.45,13.45,-0.0500,22
1150707,6994,富威電力,4012434,184289310,48.70,50.00,44.00,44.15,-1.9000,2654
1150707,7610,聯友金屬-創,181959,442343720,2475.00,2530.00,2330.00,2400.00,-145.0000,1609
1150707,7631,聚賢研發-創,98274,15053198,155.00,159.00,150.00,154.50,0.0000,147
1150707,7705,三商餐飲,100369,3107480,31.10,31.10,30.80,30.80,-0.4000,114
1150707,7711,永擎,284760,90265348,325.50,326.50,309.50,310.00,-15.0000,752
1150707,7721,微程式,226940,16183390,72.10,72.70,70.30,70.50,-1.0000,170
1150707,7722,LINEPAY,152105,48839852,317.50,324.00,316.50,319.50,2.5000,414
1150707,7730,暉盛-創,105168,19100573,189.00,189.00,177.00,180.00,-10.0000,133
1150707,7732,金興精密,63085,2255642,35.55,36.00,35.45,35.75,0.3000,24
1150707,7736,虎山,66438,4712782,70.40,71.70,70.20,71.40,1.0000,57
1150707,7740,熙特爾-創,152017,22359376,145.50,151.00,144.00,145.00,0.0000,167
1150707,7749,意騰-KY,237544,98318509,429.00,429.00,406.00,407.00,-20.0000,791
1150707,7750,新代,103033,216904095,2145.00,2190.00,2050.00,2065.00,-125.0000,1001
1150707,7760,享溫馨,290463,10543415,37.00,37.00,35.50,36.00,-0.7000,119
1150707,7765,中華資安,86306,19503674,226.00,230.00,222.50,223.50,-1.5000,226
1150707,7768,頌勝科技,181414,64283883,370.00,370.00,340.00,340.00,-30.0000,526
1150707,7769,鴻勁,752443,4821633815,6800.00,6865.00,6160.00,6180.00,-620.0000,18050
1150707,7780,大研生醫*,1050241,18986663,18.40,18.45,17.90,18.00,-0.3500,745
1150707,7786,東方風能,205425,25359082,126.50,126.50,122.00,122.50,-1.5000,176
1150707,7788,松川精密,1464445,349565039,240.50,250.50,228.00,232.50,-6.5000,2049
1150707,7791,皇家可口,35868,2252141,62.70,63.40,62.60,63.40,0.7000,40
1150707,7795,長廣,495745,301710518,636.00,640.00,600.00,600.00,-66.0000,2121
1150707,7799,禾榮科,4150006,1922178165,454.50,473.00,442.50,466.00,36.0000,6024
1150707,7803,雲象科技-創,110500,2555624,23.15,23.40,22.90,22.90,-0.4500,78
1150707,7818,溢泰實業,438996,30587225,70.10,70.50,68.80,69.70,-0.8000,370
1150707,7821,神數,231967,9560255,42.10,42.10,40.70,40.80,-1.2500,252
1150707,7822,倍利科,253186,269387350,1095.00,1140.00,1025.00,1030.00,-90.0000,2017
1150707,7823,奧義賽博-KY創,24820,1992118,81.00,81.00,80.00,80.00,0.0000,51
1150707,7827,漢康-KY創,1043387,175843584,155.50,171.50,155.50,171.50,15.5000,2076
1150707,8011,台通,984078,17291633,18.10,18.10,17.15,17.50,-0.4500,854
1150707,8016,矽創,7633149,2731850796,332.00,365.00,332.00,352.00,20.0000,10630
1150707,8021,尖點,1500118,756295851,530.00,530.00,483.00,498.00,-32.0000,4548
1150707,8028,昇陽半導體,8990086,2838348802,335.00,340.00,299.50,309.50,-21.0000,16787
1150707,8033,雷虎,8165973,1686022944,222.00,222.00,200.00,207.00,-15.0000,10421
1150707,8039,台虹,10111068,1455397193,148.50,149.50,140.00,141.00,-8.5000,10852
1150707,8045,達運光電,185970,11155243,62.40,62.40,58.60,58.90,-2.5000,195
1150707,8046,南電,18823215,20146230840,1040.00,1135.00,1015.00,1030.00,-45.0000,27056
1150707,8070,長華*,8164630,464754559,58.70,58.80,55.20,55.20,-2.0000,5426
1150707,8072,陞泰,322996,9436512,29.65,30.10,28.70,28.80,-0.5000,245
1150707,8081,致新,2167766,675436619,329.00,329.00,302.00,303.50,-20.5000,4895
1150707,8101,華冠,12002,154177,12.85,12.85,12.80,12.85,-0.4500,8
1150707,8103,瀚荃,1306052,128696399,102.50,103.00,95.90,96.90,-5.6000,1277
1150707,8104,錸寶,7508710,308101987,41.85,42.35,39.10,40.05,-1.2000,4690
1150707,8105,凌巨,8406391,176876480,22.20,22.20,20.25,20.55,-1.4000,4077
1150707,8110,華東,5475118,294255298,55.80,56.00,51.80,52.00,-2.6000,4297
1150707,8112,至上,20154187,1844734921,90.50,93.00,89.80,90.20,0.7000,14407
1150707,8112A,至上甲特,63881,2871462,44.95,45.00,44.85,44.95,0.0000,31
1150707,8114,振樺電,2186782,474544031,215.00,223.50,212.00,216.50,11.0000,2535
1150707,8131,福懋科,23335093,1901113418,87.10,87.10,78.30,79.00,-3.2000,21582
1150707,8150,南茂,94703617,10696283000,118.00,118.50,107.00,109.00,-6.5000,55047
1150707,8162,微矽電子-創,793315,64961179,85.80,87.10,77.50,79.10,-6.7000,1081
1150707,8163,達方,6281001,247396693,42.40,42.40,38.45,38.45,-4.2500,4533
1150707,8201,無敵,107272,1386406,13.25,13.25,12.80,12.85,-0.4000,64
1150707,8210,勤誠,2062981,2505276755,1240.00,1260.00,1170.00,1175.00,-115.0000,6595
1150707,8213,志超,1231168,43044326,36.15,36.20,34.50,34.65,-1.2500,949
1150707,8215,明基材,2013226,59085601,30.25,30.60,28.60,28.75,-1.5000,1491
1150707,8222,寶一,2718371,113912075,43.60,43.65,40.50,41.35,-2.4500,3177
1150707,8249,菱光,517164,24882291,49.20,49.20,47.45,47.50,-1.6000,596
1150707,8261,富鼎,27121179,9698682887,357.00,380.50,337.50,342.00,-10.0000,32017
1150707,8271,宇瞻,2654861,500585823,196.00,196.00,182.50,185.50,-10.5000,3182
1150707,8341,日友,262432,20159268,77.80,77.80,76.20,76.70,-0.3000,300
1150707,8367,建新國際,41018,1647220,40.30,40.30,40.00,40.10,-0.4000,28
1150707,8374,羅昇,566156,50367475,92.40,92.40,86.40,86.40,-5.7000,3816
1150707,8404,百和興業-KY,324532,5433336,16.95,16.95,16.55,16.60,-0.3000,194
1150707,8411,福貞-KY,66187,817887,12.35,12.45,12.25,12.45,0.0500,72
1150707,8422,可寧衛*,13947173,393812340,28.60,28.80,27.80,27.80,-0.8000,7042
1150707,8429,金麗-KY,171290,1090634,6.45,6.45,6.31,6.33,-0.1400,152
1150707,8438,昶昕,956843,95718051,106.50,108.00,96.50,97.10,-9.4000,2827
1150707,8442,威宏-KY,96326,4090157,42.70,43.45,42.05,42.05,-0.6500,125
1150707,8443,阿瘦,13540,155176,11.45,11.50,11.40,11.50,0.0500,50
1150707,8454,富邦媒,1220053,335140342,281.50,283.00,269.00,271.50,-9.5000,2562
1150707,8462,柏文,283569,43109141,150.50,155.50,149.50,155.00,4.0000,409
1150707,8463,潤泰材,53154,1152651,21.75,21.80,21.60,21.70,-0.0500,36
1150707,8464,億豐,719895,266364466,366.50,371.50,366.50,370.00,0.0000,750
1150707,8466,美吉吉-KY,56005,964786,17.30,17.45,17.10,17.15,-0.1500,35
1150707,8467,波力-KY,12055,1353790,114.00,114.00,111.00,113.00,-1.0000,20
1150707,8473,山林水,2670080,124559925,48.80,48.80,45.50,45.60,-3.0000,2119
1150707,8476,台境*,1307233,30266545,24.45,24.45,22.40,23.00,-0.9500,602
1150707,8478,東哥遊艇,223022,35531772,162.50,162.50,157.00,157.00,-5.0000,333
1150707,8481,政伸,32300,1360030,42.20,42.20,42.00,42.20,0.1000,23
1150707,8482,商億-KY,1000,49250,49.25,49.25,49.25,49.25,0.0000,1
1150707,8487,愛爾達-創,21205,1648980,77.90,77.90,77.60,77.70,-0.6000,47
1150707,8488,吉源-KY,11000,111500,10.15,10.20,10.10,10.15,-0.0500,9
1150707,8499,鼎炫-KY,65017,20073677,325.50,325.50,299.00,299.00,-26.5000,865
1150707,8926,台汽電,10746676,857705333,80.00,82.40,77.70,78.50,-2.5000,12650
1150707,8940,新天地,37153,619065,16.80,16.80,16.50,16.50,-0.3000,90
1150707,8996,高力,758662,1047062385,1455.00,1455.00,1325.00,1335.00,-90.0000,2741
1150707,9103,美德醫療-DR,1190714,6058723,5.22,5.22,5.01,5.05,-0.1300,434
1150707,910322,康師傅-DR,9989,226975,22.65,22.90,22.50,22.50,-0.9500,25
1150707,9105,泰金寶-DR,47517089,425335719,9.23,9.30,8.65,8.80,-0.4000,13575
1150707,910861,神州-DR,34004,148777,4.40,4.42,4.32,4.40,-0.0300,28
1150707,9110,越南控-DR,53200,169922,3.30,3.30,3.06,3.30,-0.0600,20
1150707,911608,明輝-DR,54111,149532,2.77,2.78,2.76,2.76,-0.0500,139
1150707,911622,泰聚亨-DR,29000,108790,3.76,3.82,3.71,3.82,0.0000,6
1150707,911868,同方友友-DR,867110,1055619,1.24,1.24,1.19,1.20,-0.0500,155
1150707,912000,晨訊科-DR,583798,1606416,2.81,2.81,2.73,2.73,-0.0800,116
1150707,9136,巨騰-DR,668192,8695221,13.60,13.60,12.75,12.85,-0.6000,259
1150707,9802,鈺齊-KY,499730,36895625,74.80,75.10,73.20,73.60,-1.2000,611
1150707,9902,台火,194848,2709550,14.10,14.15,13.70,13.75,-0.2000,142
1150707,9904,寶成,18652130,453592539,24.40,24.50,24.20,24.35,0.0000,4891
1150707,9905,大華,210793,4496966,21.45,21.50,21.25,21.25,-0.1000,151
1150707,9906,欣巴巴,252071,10830669,42.90,43.60,41.30,41.70,-1.2000,186
1150707,9907,統一實,3038459,46694721,15.50,15.50,15.25,15.40,0.0000,1181
1150707,9908,大台北,122556,3662680,30.00,30.00,29.80,29.90,-0.1000,160
1150707,9910,豐泰,917921,62905172,69.10,69.40,68.10,68.30,-0.9000,1021
1150707,9911,櫻花,353619,29750460,85.20,85.20,84.00,84.20,-0.3000,348
1150707,9912,偉聯,26329,333256,12.70,12.70,12.60,12.70,0.0000,52
1150707,9914,美利達,1125520,84816962,76.70,76.70,74.60,75.00,-0.9000,1171
1150707,9917,中保科,903022,95479336,106.00,107.00,105.00,105.00,-1.0000,1011
1150707,9918,欣天然,19476,842120,42.95,43.35,42.95,43.35,0.0500,33
1150707,9919,康那香,339133,4710488,14.15,14.15,13.80,13.90,-0.1000,235
1150707,9921,巨大,1165548,88120467,77.10,77.10,74.50,75.70,-1.4000,1391
1150707,9924,福興,147466,5926330,40.35,40.45,40.00,40.10,-0.2500,469
1150707,9925,新保,213164,8682502,40.85,40.90,40.60,40.75,-0.1000,189
1150707,9926,新海,13101,646971,49.70,49.70,49.20,49.50,-0.2000,18
1150707,9927,泰銘,119848,8244076,69.70,69.70,68.40,68.70,-0.4000,655
1150707,9928,中視,53220,988905,18.70,18.70,18.45,18.45,-0.1500,37
1150707,9929,秋雨,20399,224968,11.10,11.20,10.65,11.20,-0.0500,18
1150707,9930,中聯資源,384818,24323361,64.20,64.20,62.70,63.10,-1.1000,515
1150707,9931,欣高,74406,2467437,33.35,33.60,33.05,33.15,-0.3000,91
1150707,9933,中鼎,2922049,121667201,41.60,42.20,41.05,41.60,0.1000,2271
1150707,9934,成霖,743079,7719037,10.60,10.65,10.30,10.40,-0.2000,300
1150707,9935,慶豐富,380018,7147567,18.90,19.00,18.70,18.75,-0.1500,247
1150707,9937,全國,16591,912955,54.90,55.30,54.70,55.20,-0.1000,27
1150707,9938,百和,1151755,52200147,45.85,46.30,44.80,45.05,-0.3500,792
1150707,9939,宏全,1142023,141654411,124.00,125.00,122.50,124.50,0.5000,1061
1150707,9940,信義,363480,7123499,19.60,19.65,19.50,19.65,0.0500,214
1150707,9941,裕融,675461,55519546,83.10,83.10,81.70,81.90,-1.2000,849
1150707,9941A,裕融甲特,12481,634794,50.80,50.90,50.80,50.90,0.1000,12
1150707,9942,茂順,132386,15740227,119.00,120.00,118.00,118.50,0.0000,126
1150707,9943,好樂迪,114473,6152332,53.40,54.00,53.40,53.90,0.5000,155
1150707,9944,新麗,106188,1909386,18.00,18.10,17.90,18.05,0.0500,62
1150707,9945,潤泰新,10696639,276150063,25.65,26.30,25.60,25.75,0.0000,4531
1150707,9946,三發地產,851117,16917633,20.10,20.40,19.60,19.70,-0.3000,469
1150707,9955,佳龍,230654,6152817,27.40,27.40,26.45,26.45,-0.7000,356
1150707,9958,世紀鋼,1723945,204350224,121.00,121.50,117.00,117.50,-3.0000,1809
