Date,Code,Name,PEratio,DividendYield,PBratio
1150706,1101,台泥,,3.38,0.76
1150706,1102,亞泥,12.27,6.29,0.73
1150706,1103,嘉泥,17.19,4.00,0.50
1150706,1104,環泥,10.76,6.72,0.76
1150706,1108,幸福,6.98,7.09,1.05
1150706,1109,信大,18.73,6.08,0.60
1150706,1110,東泥,49.69,1.89,0.96
1150706,1201,味全,33.42,1.65,0.83
1150706,1203,味王,24.94,2.33,1.57
1150706,1210,大成,13.93,5.10,1.96
1150706,1213,大飲,,,0.68
1150706,1215,卜蜂,12.18,6.19,3.15
1150706,1216,統一,21.03,3.86,3.05
1150706,1217,愛之味,21.25,2.45,0.68
1150706,1218,泰山,11.23,7.63,0.67
1150706,1219,福壽,26.28,4.05,0.91
1150706,1220,台榮,592.50,1.69,0.91
1150706,1225,福懋油,16.40,3.57,1.69
1150706,1227,佳格,20.99,4.37,1.46
1150706,1229,聯華,16.81,4.58,1.41
1150706,1231,聯華食,20.25,2.81,3.52
1150706,1232,大統益,17.23,4.83,3.80
1150706,1233,天仁,34.33,0.71,1.83
1150706,1234,黑松,19.97,4.95,0.73
1150706,1235,興泰,,2.71,0.59
1150706,1236,宏亞,,6.46,0.90
1150706,1256,鮮活果汁-KY,15.03,3.32,1.70
1150706,1301,台塑,,0.83,0.99
1150706,1303,南亞,80.09,0.43,3.82
1150706,1304,台聚,,1.02,0.90
1150706,1305,華夏,,0.71,1.07
1150706,1307,三芳,12.10,6.64,1.35
1150706,1308,亞聚,,1.29,0.83
1150706,1309,台達化,,0.96,1.08
1150706,1310,台苯,,,0.85
1150706,1312,國喬,,,0.56
1150706,1313,聯成,,0.74,0.63
1150706,1314,中石化,,,0.52
1150706,1315,達新,41.75,7.00,0.60
1150706,1316,上曜,,,0.86
1150706,1319,東陽,14.00,6.41,1.58
1150706,1321,大洋,,,1.22
1150706,1323,永裕,36.61,4.39,0.73
1150706,1324,地球,,,0.89
1150706,1325,恆大,,,0.83
1150706,1326,台化,450.67,0.89,1.06
1150706,1337,再生-KY,,,0.41
1150706,1338,廣華-KY,,1.76,0.24
1150706,1339,昭輝,10.74,5.50,0.83
1150706,1340,勝悅-KY,,,0.34
1150706,1341,富林-KY,14.14,6.93,2.57
1150706,1342,八貫,19.58,5.15,4.34
1150706,1402,遠東新,18.07,4.30,0.66
1150706,1409,新纖,22.41,2.98,1.16
1150706,1410,南染,48.52,0.76,1.55
1150706,1413,宏洲,22.62,,1.13
1150706,1414,東和,67.41,1.02,1.35
1150706,1416,廣豐,13.02,5.09,0.46
1150706,1417,嘉裕,20.22,2.75,0.74
1150706,1418,東華,,,0.85
1150706,1419,新紡,5.19,2.64,1.00
1150706,1423,利華,9.72,9.82,0.99
1150706,1432,大魯閣,2.81,13.07,1.03
1150706,1434,福懋,31.58,2.64,0.70
1150706,1435,中福,,,3.82
1150706,1436,華友聯,10.60,11.07,1.62
1150706,1437,勤益控,11.39,3.04,0.77
1150706,1438,三地開發,8.04,0.90,0.77
1150706,1439,雋揚,7.86,2.07,0.75
1150706,1440,南紡,,2.05,0.87
1150706,1441,大東,,,1.61
1150706,1442,名軒,14.64,8.36,1.30
1150706,1443,立益物流,24.00,,1.56
1150706,1444,力麗,,,0.93
1150706,1445,大宇,,4.15,0.76
1150706,1446,宏和,10.24,8.62,0.84
1150706,1447,力鵬,,,1.05
1150706,1449,佳和,,,0.82
1150706,1451,年興,19.61,5.73,0.47
1150706,1452,宏益,,1.67,0.60
1150706,1453,大將,105.00,2.60,0.91
1150706,1454,台富,,0.76,1.20
1150706,1455,集盛,,1.47,1.01
1150706,1456,怡華,4.14,,0.71
1150706,1457,宜進,16.15,6.80,0.67
1150706,1459,聯發,7.84,1.65,1.09
1150706,1460,宏遠,,,0.95
1150706,1463,強盛新,,0.73,1.17
1150706,1464,得力,30.00,2.25,0.86
1150706,1465,偉全,,2.20,0.90
1150706,1466,聚隆,,1.09,1.30
1150706,1467,南緯,,,0.75
1150706,1468,昶和,102.50,,1.36
1150706,1470,大統新創,24.94,3.00,1.89
1150706,1471,首利,,,1.14
1150706,1472,三洋實業,13.67,6.83,1.95
1150706,1473,台南,,2.40,0.77
1150706,1474,弘裕,45.00,2.31,0.64
1150706,1475,業旺,10.96,5.37,1.22
1150706,1476,儒鴻,15.63,4.64,3.22
1150706,1477,聚陽,16.61,6.52,4.36
1150706,1503,士電,35.99,2.07,3.31
1150706,1504,東元,32.49,2.74,2.04
1150706,1506,正道,150.71,,1.13
1150706,1512,瑞利,26.70,,1.05
1150706,1513,中興電,21.69,3.36,4.10
1150706,1514,亞力,36.88,1.74,5.24
1150706,1515,力山,43.62,1.40,2.00
1150706,1516,川飛,932.50,,3.65
1150706,1517,利奇,,1.76,0.74
1150706,1519,華城,53.13,1.55,29.64
1150706,1521,大億,36.97,2.86,1.09
1150706,1522,堤維西,98.55,3.93,1.04
1150706,1524,耿鼎,19.67,4.75,1.69
1150706,1525,江申,42.50,4.12,0.98
1150706,1526,日馳,,,0.67
1150706,1527,鑽全,37.25,4.42,0.96
1150706,1528,恩德,,,2.14
1150706,1529,樂事綠能,20.35,4.31,1.96
1150706,1530,亞崴,25.87,3.36,0.87
1150706,1531,高林股,,7.60,0.66
1150706,1532,勤美,20.17,3.39,0.66
1150706,1533,車王電,23.01,,1.54
1150706,1535,中宇,12.93,5.96,1.57
1150706,1536,和大,,,1.97
1150706,1537,廣隆,16.64,5.69,2.25
1150706,1538,正峰,,,2.75
1150706,1539,巨庭,402.50,,0.66
1150706,1540,喬福,24.52,4.39,1.29
1150706,1541,錩泰,9.52,,0.79
1150706,1558,伸興,16.51,5.39,1.13
1150706,1560,中砂,73.47,0.67,13.47
1150706,1563,巧新,161.36,2.82,1.88
1150706,1568,倉佑,27.99,2.67,2.09
1150706,1582,信錦,29.85,3.65,1.57
1150706,1583,程泰,17.99,1.99,0.96
1150706,1587,吉茂,70.24,,1.43
1150706,1590,亞德客-KY,30.32,2.10,5.45
1150706,1597,直得,127.31,0.46,5.52
1150706,1598,岱宇,,2.56,0.77
1150706,1603,華電,12.23,6.08,0.69
1150706,1604,聲寶,14.42,6.30,1.02
1150706,1605,華新,26.68,1.37,0.99
1150706,1608,華榮,6.42,5.65,1.54
1150706,1609,大亞,18.31,1.60,1.96
1150706,1611,中電,346.25,5.78,1.14
1150706,1612,宏泰,11.70,7.12,1.36
1150706,1614,三洋電,24.24,3.03,1.49
1150706,1615,大山,9.61,5.71,1.84
1150706,1616,億泰,19.23,5.75,1.97
1150706,1617,榮星,30.34,2.25,1.98
1150706,1618,合機,9.27,4.03,1.26
1150706,1623,大東電,18.98,3.40,3.88
1150706,1626,艾美特-KY,,,0.62
1150706,1702,南僑,47.01,4.73,0.71
1150706,1707,葡萄王,11.65,6.44,1.38
1150706,1708,東鹼,18.31,2.59,2.08
1150706,1709,和益,17.88,4.02,1.36
1150706,1710,東聯,,,1.49
1150706,1711,永光,,,3.14
1150706,1712,興農,16.09,6.27,2.14
1150706,1713,國化,11.05,6.26,1.85
1150706,1714,和桐,32.66,0.86,1.61
1150706,1717,長興,57.70,1.17,3.48
1150706,1718,中纖,63.33,,0.91
1150706,1720,生達,11.83,4.69,1.89
1150706,1721,三晃,,,3.34
1150706,1722,台肥,47.07,4.09,0.87
1150706,1723,中碳,34.31,2.17,2.45
1150706,1725,元禎,22.22,2.97,0.97
1150706,1726,永記,13.20,4.73,1.17
1150706,1727,中華化,274.32,0.15,6.16
1150706,1730,花仙子,11.06,5.86,1.50
1150706,1731,美吾華,14.89,5.85,1.25
1150706,1732,毛寶,29.56,2.26,2.29
1150706,1733,五鼎,16.62,4.30,1.66
1150706,1734,杏輝,19.65,4.73,1.82
1150706,1735,日勝化,30.06,2.67,1.52
1150706,1736,喬山,15.98,3.42,2.83
1150706,1737,臺鹽,16.08,4.38,0.93
1150706,1752,南光,15.96,4.94,1.39
1150706,1760,寶齡富錦,26.47,3.03,3.08
1150706,1762,中化生,,,0.98
1150706,1773,勝一,25.52,2.16,4.68
1150706,1776,展宇,41.12,2.98,1.41
1150706,1783,和康生,13.44,4.93,2.24
1150706,1786,科妍,32.00,3.51,2.19
1150706,1789,神隆,150.36,1.38,1.61
1150706,1795,美時,13.95,1.32,2.24
1150706,1802,台玻,522.31,,3.98
1150706,1805,寶徠,78.46,,0.84
1150706,1806,冠軍,60.86,1.76,0.63
1150706,1808,潤隆,11.75,4.76,2.05
1150706,1809,中釉,273.68,0.48,2.93
1150706,1810,和成,6.27,0.84,0.89
1150706,1817,凱撒衛,9.26,5.67,1.19
1150706,1903,士紙,38.84,,2.39
1150706,1904,正隆,19.59,1.88,0.89
1150706,1905,華紙,,,1.14
1150706,1906,寶隆,,,0.57
1150706,1907,永豐餘,20.50,3.48,0.61
1150706,1909,榮成,,,0.67
1150706,2002,中鋼,,0.79,0.98
1150706,2006,東和鋼鐵,10.35,6.27,1.54
1150706,2007,燁興,,,0.99
1150706,2008,高興昌,40.87,3.26,1.55
1150706,2009,第一銅,69.39,1.01,1.72
1150706,2010,春源,9.36,9.17,1.17
1150706,2012,春雨,,1.82,1.20
1150706,2013,中鋼構,12.85,5.78,1.43
1150706,2014,中鴻,,,2.11
1150706,2015,豐興,15.69,5.30,1.71
1150706,2017,官田鋼,,,0.77
1150706,2020,美亞,11.21,8.28,1.42
1150706,2022,聚亨,,,0.81
1150706,2023,燁輝,,,0.80
1150706,2024,志聯,199.29,,1.20
1150706,2025,千興,84.06,,1.40
1150706,2027,大成鋼,12.08,3.63,1.23
1150706,2028,威致,46.29,1.23,1.10
1150706,2029,盛餘,33.71,2.87,0.67
1150706,2030,彰源,29.09,2.60,1.06
1150706,2031,新光鋼,8.51,6.43,1.18
1150706,2032,新鋼,19.71,2.95,1.26
1150706,2033,佳大,49.70,,1.24
1150706,2034,允強,,4.85,1.13
1150706,2038,海光,,,0.69
1150706,2049,上銀,79.30,0.55,3.43
1150706,2059,川湖,68.62,0.66,23.53
1150706,2062,橋椿,92.14,5.17,0.51
1150706,2069,運錩,10.11,5.38,0.71
1150706,2072,世紀風電,11.29,4.80,1.21
1150706,2101,南港,11.02,2.05,1.83
1150706,2102,泰豐,2.91,,0.89
1150706,2103,台橡,36.12,1.12,0.98
1150706,2104,國際中橡,,,0.47
1150706,2105,正新,20.09,5.53,1.24
1150706,2106,建大,105.29,3.63,0.87
1150706,2107,厚生,17.95,5.42,0.59
1150706,2108,南帝,34.31,3.35,1.03
1150706,2109,華豐,12.46,6.69,1.20
1150706,2114,鑫永銓,15.72,5.53,2.15
1150706,2115,六暉-KY,16.69,7.08,0.66
1150706,2201,裕隆,34.47,1.91,0.48
1150706,2204,中華,10.61,6.26,0.86
1150706,2206,三陽工業,11.22,4.72,1.80
1150706,2207,和泰車,13.96,4.20,3.35
1150706,2208,台船,,,3.52
1150706,2211,長榮鋼,11.83,6.71,1.48
1150706,2227,裕日車,53.76,1.68,0.82
1150706,2228,劍麟,20.56,5.13,1.35
1150706,2231,為升,,0.40,4.87
1150706,2233,宇隆,42.19,1.51,3.99
1150706,2236,百達-KY,,0.35,4.89
1150706,2239,英利-KY,,,0.23
1150706,2241,艾姆勒,,,3.63
1150706,2243,宏旭-KY,26.51,,5.15
1150706,2247,汎德永業,14.86,6.14,1.54
1150706,2248,華勝-KY,9.95,5.28,1.57
1150706,2250,IKKA-KY,20.59,4.32,1.18
1150706,2254,巨鎧精密-創,,,3.67
1150706,2258,鴻華先進-創,,,4.52
1150706,2301,光寶科,32.94,2.23,5.77
1150706,2302,麗正,66.08,0.67,4.86
1150706,2303,聯電,41.71,1.57,5.13
1150706,2305,全友,157.96,,3.68
1150706,2308,台達電,73.56,0.58,17.30
1150706,2312,金寶,34.18,1.69,2.38
1150706,2313,華通,41.45,1.19,5.98
1150706,2314,台揚,,,26.23
1150706,2316,楠梓電,13.99,0.93,2.85
1150706,2317,鴻海,17.19,2.96,1.90
1150706,2321,東訊,,,2.34
1150706,2323,中環,5.46,1.68,0.69
1150706,2324,仁寶,26.84,3.08,1.19
1150706,2327,國巨*,79.13,0.60,12.38
1150706,2328,廣宇,52.04,1.76,1.76
1150706,2329,華泰,24.71,1.83,3.14
1150706,2330,台積電,33.07,0.89,10.83
1150706,2331,精英,42.60,,1.09
1150706,2332,友訊,,,1.41
1150706,2337,旺宏,,,5.65
1150706,2338,光罩,,,2.74
1150706,2340,台亞,,,2.70
1150706,2342,茂矽,,,4.02
1150706,2344,華邦電,54.30,0.27,7.06
1150706,2345,智邦,50.02,0.57,22.63
1150706,2347,聯強,16.31,4.48,1.99
1150706,2348,海悅,18.39,7.21,1.66
1150706,2349,錸德,,,1.70
1150706,2351,順德,100.88,0.48,5.73
1150706,2352,佳世達,57.10,2.82,1.91
1150706,2353,宏碁,24.85,3.96,1.35
1150706,2354,鴻準,27.68,2.57,0.77
1150706,2355,敬鵬,31.42,1.88,1.19
1150706,2356,英業達,25.55,2.98,3.28
1150706,2357,華碩,12.15,6.18,1.76
1150706,2359,所羅門,73.45,0.70,4.25
1150706,2360,致茂,68.75,0.89,33.30
1150706,2362,藍天,20.07,4.45,0.59
1150706,2363,矽統,40.18,0.88,1.73
1150706,2364,倫飛,18.31,4.19,4.80
1150706,2365,昆盈,87.69,0.88,2.44
1150706,2367,燿華,,0.37,2.99
1150706,2368,金像電,55.30,0.80,17.96
1150706,2369,菱生,,,3.34
1150706,2371,大同,,,1.25
1150706,2373,震旦行,13.82,6.86,1.72
1150706,2374,佳能,27.84,2.58,2.92
1150706,2375,凱美,63.37,0.58,2.26
1150706,2376,技嘉,15.72,3.57,3.49
1150706,2377,微星,14.89,2.95,2.19
1150706,2379,瑞昱,27.68,3.25,8.77
1150706,2380,虹光,21.14,,2.33
1150706,2382,廣達,19.00,4.13,7.02
1150706,2383,台光電,118.76,0.46,40.92
1150706,2385,群光,12.13,6.70,1.90
1150706,2387,精元,14.32,9.80,0.77
1150706,2388,威盛,395.56,0.07,1.81
1150706,2390,云辰,,,1.07
1150706,2392,正崴,,2.51,0.83
1150706,2393,億光,16.71,6.43,1.51
1150706,2395,研華,39.95,2.17,9.01
1150706,2397,友通,26.29,4.02,2.16
1150706,2399,映泰,35.26,,3.98
1150706,2401,凌陽,,,2.34
1150706,2402,毅嘉,35.44,2.89,2.99
1150706,2404,漢唐,24.54,3.03,17.33
1150706,2405,輔信,,0.57,1.73
1150706,2406,國碩,,,3.98
1150706,2408,南亞科,37.65,0.32,6.76
1150706,2409,友達,99.06,1.26,1.60
1150706,2412,中華電,28.13,3.67,2.77
1150706,2413,環科,62.99,1.03,2.98
1150706,2414,精技,17.48,4.86,2.92
1150706,2415,錩新,21.69,3.82,2.12
1150706,2417,圓剛,182.50,0.53,2.20
1150706,2419,仲琦,,,1.95
1150706,2420,新巨,15.74,4.84,2.28
1150706,2421,建準,18.13,3.53,3.75
1150706,2423,固緯,21.54,3.26,3.96
1150706,2424,隴華,,,2.16
1150706,2425,承啟,,0.24,1.60
1150706,2426,鼎元,,0.13,6.33
1150706,2427,三商電,20.23,2.70,1.49
1150706,2428,興勤,31.23,1.72,3.74
1150706,2429,銘旺科,,,5.73
1150706,2430,燦坤,38.02,4.38,0.49
1150706,2431,聯昌,,,1.26
1150706,2432,倚天酷碁-創,14.92,5.93,1.61
1150706,2433,互盛電,13.80,6.41,1.98
1150706,2434,統懋,,,4.30
1150706,2436,偉詮電,23.06,2.52,3.53
1150706,2438,翔耀,,,3.53
1150706,2439,美律,18.66,4.36,1.37
1150706,2440,太空梭,,,1.26
1150706,2441,超豐,31.05,2.07,3.27
1150706,2442,新美齊,3.77,13.64,0.85
1150706,2444,兆勁,,,1.73
1150706,2449,京元電子,47.63,0.43,7.89
1150706,2450,神腦,18.99,5.34,1.23
1150706,2451,創見,8.75,4.35,4.45
1150706,2453,凌群,18.31,4.87,2.82
1150706,2454,聯發科,65.74,1.30,16.87
1150706,2455,全新,106.62,0.78,17.04
1150706,2457,飛宏,,,1.42
1150706,2458,義隆,19.71,3.95,5.30
1150706,2459,敦吉,12.26,6.55,1.22
1150706,2460,建通,,,4.22
1150706,2461,光群雷,,,1.00
1150706,2462,良得電,345.00,0.83,1.09
1150706,2464,盟立,,0.30,6.94
1150706,2465,麗臺,57.20,,5.89
1150706,2466,冠西電,128.11,,8.07
1150706,2467,志聖,87.10,0.84,12.28
1150706,2468,華經,29.49,2.65,2.04
1150706,2471,資通,14.13,6.12,2.64
1150706,2472,立隆電,46.82,0.86,6.94
1150706,2474,可成,18.77,5.24,0.77
1150706,2476,鉅祥,31.12,2.21,3.19
1150706,2477,美隆電,13.70,6.31,0.86
1150706,2478,大毅,57.95,0.93,4.22
1150706,2480,敦陽科,19.31,4.81,5.77
1150706,2481,強茂,72.22,0.79,6.00
1150706,2482,連宇,,0.58,1.26
1150706,2483,百容,75.98,0.43,2.91
1150706,2484,希華,129.46,0.73,3.72
1150706,2485,兆赫,1327.50,,3.19
1150706,2486,一詮,508.82,0.19,11.51
1150706,2488,漢平,11.70,5.52,1.49
1150706,2489,瑞軒,37.66,2.92,1.93
1150706,2491,吉祥全,11.47,,3.24
1150706,2492,華新科,106.70,0.45,5.05
1150706,2493,揚博,66.90,1.41,12.36
1150706,2495,普安,46.55,1.52,3.08
1150706,2496,卓越,10.09,7.74,1.43
1150706,2497,怡利電,29.56,2.99,2.82
1150706,2498,宏達電,21.74,1.11,1.39
1150706,2501,國建,6.40,4.85,0.91
1150706,2504,國產,9.83,8.04,1.36
1150706,2505,國揚,9.17,5.48,0.65
1150706,2506,太設,,2.22,0.42
1150706,2509,全坤建,,,0.79
1150706,2511,太子,24.69,3.47,0.54
1150706,2514,龍邦,7.47,,0.37
1150706,2515,中工,29.69,3.51,1.00
1150706,2516,新建,11.86,,1.50
1150706,2520,冠德,14.63,4.60,0.87
1150706,2524,京城,63.86,,0.63
1150706,2527,宏璟,8.40,3.52,0.52
1150706,2528,皇普,9.44,13.30,1.37
1150706,2530,華建,10.03,9.41,1.64
1150706,2534,宏盛,16.65,8.75,0.54
1150706,2535,達欣工,10.79,5.11,2.36
1150706,2536,宏普,6.53,9.26,0.57
1150706,2537,聯上發,35.00,,0.74
1150706,2538,基泰,27.69,5.02,0.77
1150706,2539,櫻花建,14.03,7.05,2.53
1150706,2540,愛山林,89.67,11.15,3.10
1150706,2542,興富發,13.85,8.89,1.72
1150706,2543,皇昌,15.91,3.80,2.08
1150706,2545,皇翔,26.22,7.22,0.99
1150706,2546,根基,9.98,6.32,2.00
1150706,2547,日勝生,82.86,6.90,0.84
1150706,2548,華固,8.03,8.25,1.60
1150706,2597,潤弘,15.05,5.65,5.71
1150706,2601,益航,,,0.72
1150706,2603,長榮,8.54,8.18,0.73
1150706,2605,新興,14.74,3.25,1.02
1150706,2606,裕民,11.94,4.50,1.30
1150706,2607,榮運,9.88,5.78,0.79
1150706,2608,嘉里大榮,14.55,5.64,1.07
1150706,2609,陽明,17.21,3.77,0.56
1150706,2610,華航,8.77,3.61,1.33
1150706,2611,志信,11.07,3.59,1.03
1150706,2612,中航,9.91,4.04,0.79
1150706,2613,中櫃,20.32,4.51,0.96
1150706,2614,東森,9.07,6.49,1.41
1150706,2615,萬海,7.39,3.75,0.78
1150706,2616,山隆,,2.19,0.73
1150706,2617,台航,9.31,4.87,0.70
1150706,2618,長榮航,8.26,4.59,1.74
1150706,2630,亞航,59.89,1.60,3.49
1150706,2633,台灣高鐵,21.98,4.32,2.00
1150706,2634,漢翔,75.38,1.29,3.13
1150706,2636,台驊控股,10.50,6.97,1.04
1150706,2637,慧洋-KY,11.03,4.46,1.16
1150706,2642,宅配通,,2.35,1.13
1150706,2645,長榮航太,36.34,2.10,7.04
1150706,2646,星宇航空,237.22,,2.02
1150706,2701,萬企,18.95,2.59,0.58
1150706,2702,華園,,,0.64
1150706,2704,國賓,25.20,1.11,0.63
1150706,2705,六福,18.43,,0.63
1150706,2706,第一店,18.88,2.77,0.62
1150706,2707,晶華,13.00,5.91,6.55
1150706,2712,遠雄來,,,1.53
1150706,2722,夏都,,,1.37
1150706,2723,美食-KY,,,1.17
1150706,2727,王品,14.75,6.57,5.31
1150706,2731,雄獅,8.81,8.50,2.63
1150706,2739,寒舍,12.46,6.83,2.31
1150706,2748,雲品,19.23,4.38,1.44
1150706,2753,八方雲集,13.40,6.65,3.39
1150706,2762,世界健身-KY,15.74,7.13,3.42
1150706,2801,彰銀,14.69,4.47,1.22
1150706,2812,台中銀,13.26,5.16,1.32
1150706,2816,旺旺保,5.60,4.26,0.93
1150706,2820,華票,11.25,5.26,0.82
1150706,2832,台產,10.94,6.15,1.18
1150706,2834,臺企銀,13.74,5.56,1.17
1150706,2836,高雄銀,16.96,3.59,0.87
1150706,2838,聯邦銀,16.74,4.49,1.27
1150706,2845,遠東銀,15.11,4.74,0.91
1150706,2849,安泰銀,16.98,3.49,0.78
1150706,2850,新產,10.53,4.93,2.13
1150706,2851,中再保,7.55,5.63,1.33
1150706,2852,第一保,8.78,6.14,0.87
1150706,2855,統一證,11.68,4.04,2.00
1150706,2867,三商壽,62.43,,0.66
1150706,2880,華南金,18.48,3.79,2.19
1150706,2881,富邦金,16.71,3.50,1.86
1150706,2882,國泰金,14.17,3.75,1.87
1150706,2883,凱基金,16.29,3.45,1.45
1150706,2884,玉山金,15.66,4.06,1.96
1150706,2885,元大金,21.05,3.22,2.54
1150706,2886,兆豐金,18.82,3.78,1.71
1150706,2887,台新新光金,16.81,3.21,1.50
1150706,2889,國票金,19.74,3.88,1.19
1150706,2890,永豐金,19.62,3.17,2.24
1150706,2891,中信金,17.20,3.50,2.55
1150706,2892,第一金,16.95,3.93,1.60
1150706,2897,王道銀行,15.51,4.93,0.72
1150706,2901,欣欣,57.80,1.56,1.94
1150706,2903,遠百,13.92,5.54,1.01
1150706,2904,匯僑,24.05,5.02,0.88
1150706,2905,三商,24.21,1.97,0.54
1150706,2906,高林,31.67,4.21,0.89
1150706,2908,特力,53.50,2.57,1.58
1150706,2910,統領,18.32,4.65,1.49
1150706,2911,麗嬰房,2.03,,0.57
1150706,2912,統一超,21.88,3.75,5.37
1150706,2913,農林,,,0.72
1150706,2915,潤泰全,6.14,3.63,0.49
1150706,2923,鼎固-KY,,0.45,1.02
1150706,2929,淘帝-KY,,,0.23
1150706,2939,永邑-KY,,,1.61
1150706,2945,三商家購,18.67,3.57,1.47
1150706,3002,歐格,65.61,1.52,1.73
1150706,3003,健和興,65.64,1.51,1.61
1150706,3004,豐達科,29.87,1.60,2.82
1150706,3005,神基,13.50,6.17,2.93
1150706,3006,晶豪科,26.04,0.46,4.77
1150706,3008,大立光,25.81,1.93,2.93
1150706,3010,華立,13.54,4.17,1.39
1150706,3011,今皓,,,1.32
1150706,3013,晟銘電,23.90,0.73,4.06
1150706,3014,聯陽,17.08,5.38,4.23
1150706,3015,全漢,36.85,2.94,1.19
1150706,3016,嘉晶,313.41,0.39,7.57
1150706,3017,奇鋐,43.87,0.79,23.21
1150706,3018,隆銘綠能,,,1.78
1150706,3019,亞光,22.08,3.04,2.96
1150706,3021,鴻名,48.79,2.12,1.71
1150706,3022,威強電,24.59,4.03,1.33
1150706,3023,信邦,25.92,3.02,4.54
1150706,3024,憶聲,138.89,1.76,1.14
1150706,3025,星通,17.10,4.68,4.22
1150706,3026,禾伸堂,124.10,0.60,16.49
1150706,3027,盛達,,,1.36
1150706,3028,增你強,15.68,3.75,2.98
1150706,3029,零壹,15.22,5.31,3.41
1150706,3030,德律,26.84,2.26,7.00
1150706,3031,佰鴻,30.13,2.96,2.05
1150706,3032,偉訓,,,3.20
1150706,3033,威健,19.16,4.13,2.28
1150706,3034,聯詠,22.05,4.28,4.55
1150706,3035,智原,112.23,0.85,4.03
1150706,3036,文曄,15.53,3.56,2.46
1150706,3037,欣興,134.85,0.22,12.84
1150706,3038,全台,24.26,5.26,1.41
1150706,3040,遠見,,9.17,1.69
1150706,3041,揚智,,,2.81
1150706,3042,晶技,42.84,2.14,5.05
1150706,3043,科風,,,1.24
1150706,3044,健鼎,24.59,2.51,4.56
1150706,3045,台灣大,23.83,4.03,3.91
1150706,3046,建碁,12.95,5.65,2.70
1150706,3047,訊舟,,,1.51
1150706,3048,益登,23.24,1.55,2.99
1150706,3049,精金,,,1.49
1150706,3050,鈺德,,1.93,0.84
1150706,3051,力特,26.80,1.81,1.79
1150706,3052,夆典,11.58,5.45,0.63
1150706,3054,立萬利,18.76,1.26,3.82
1150706,3055,蔚華科,,0.31,11.15
1150706,3056,富華新,,4.07,0.85
1150706,3057,喬鼎,,,2.02
1150706,3058,立德,,,1.25
1150706,3059,華晶科,40.73,2.00,1.54
1150706,3060,銘異,,0.53,1.90
1150706,3062,建漢,,,1.98
1150706,3090,日電貿,70.83,1.41,5.55
1150706,3092,鴻碩,,,2.56
1150706,3094,聯傑,165.00,0.58,3.53
1150706,3130,一零四,14.66,6.65,4.02
1150706,3135,凌航,12.95,2.57,5.04
1150706,3138,耀登,76.95,1.41,2.48
1150706,3149,正達,,,8.02
1150706,3150,鈺寶-創,,2.62,1.44
1150706,3164,景岳,31.73,4.85,1.10
1150706,3167,大量,88.21,0.43,22.38
1150706,3168,眾福科,17.00,6.59,2.13
1150706,3189,景碩,214.93,0.20,9.32
1150706,3209,全科,16.82,4.14,2.71
1150706,3229,晟鈦,834.00,,4.22
1150706,3231,緯創,15.85,3.48,2.64
1150706,3257,虹冠電,24.31,3.88,3.66
1150706,3266,昇陽,21.17,3.69,0.75
1150706,3296,勝德,230.77,,2.30
1150706,3305,昇貿,38.45,1.68,3.17
1150706,3308,聯德,188.75,,1.20
1150706,3311,閎暉,24.90,1.55,1.04
1150706,3312,弘憶股,35.93,2.17,2.66
1150706,3321,同泰,,,3.09
1150706,3338,泰碩,49.52,1.80,3.08
1150706,3346,麗清,,0.39,0.95
1150706,3356,奇偶,6.11,5.65,1.86
1150706,3376,新日興,292.65,2.01,2.24
1150706,3380,明泰,,1.41,2.11
1150706,3406,玉晶光,19.79,2.60,2.82
1150706,3413,京鼎,17.29,3.37,2.27
1150706,3416,融程電,25.62,2.73,4.64
1150706,3419,譁裕,,,1.83
1150706,3432,台端,,,2.58
1150706,3437,榮創,,,1.45
1150706,3443,創意,138.54,0.43,42.31
1150706,3447,展達,26.22,2.93,2.37
1150706,3450,聯鈞,154.76,0.19,14.53
1150706,3481,群創,629.09,1.45,2.44
1150706,3494,誠研,,,1.37
1150706,3501,維熹,23.21,4.81,0.71
1150706,3504,揚明光,,,3.15
1150706,3515,華擎,13.69,5.07,2.38
1150706,3518,柏騰,16.46,,2.17
1150706,3528,安馳,32.42,1.37,3.21
1150706,3530,晶相光,34.24,1.15,2.16
1150706,3532,台勝科,513.92,0.25,6.49
1150706,3533,嘉澤,29.86,1.64,5.69
1150706,3535,晶彩科,282.50,,8.02
1150706,3543,州巧,,1.88,1.12
1150706,3545,敦泰,,1.37,1.45
1150706,3550,聯穎,,,2.07
1150706,3557,嘉威,,1.14,0.87
1150706,3563,牧德,49.62,1.80,9.54
1150706,3576,聯合再生,40.12,,2.10
1150706,3583,辛耘,58.31,0.70,9.05
1150706,3588,通嘉,123.50,0.67,2.56
1150706,3591,艾笛森,,,1.33
1150706,3592,瑞鼎,17.22,5.30,1.94
1150706,3593,力銘,,,3.56
1150706,3596,智易,15.57,4.57,2.76
1150706,3605,宏致,25.35,1.92,1.80
1150706,3607,谷崧,43.72,4.69,1.22
1150706,3617,碩天,15.58,4.55,2.27
1150706,3622,洋華,9.91,5.53,1.20
1150706,3645,達邁,47.89,1.32,3.67
1150706,3652,精聯,26.64,3.22,1.49
1150706,3653,健策,91.84,0.66,23.00
1150706,3661,世芯-KY,61.78,0.81,7.96
1150706,3665,貿聯-KY,39.25,0.77,8.14
1150706,3669,圓展,19.97,2.75,1.05
1150706,3673,TPK-KY,22.31,2.22,0.81
1150706,3679,新至陞,12.96,8.18,1.47
1150706,3686,達能,,,1.98
1150706,3694,海華,15.52,3.51,2.60
1150706,3701,大眾控,,0.45,2.18
1150706,3702,大聯大,13.43,3.45,2.05
1150706,3703,欣陸,10.02,5.04,0.63
1150706,3704,合勤控,39.00,0.89,1.55
1150706,3705,永信,18.35,5.50,1.91
1150706,3706,神達,17.18,4.44,1.80
1150706,3708,上緯投控,2.90,5.49,0.62
1150706,3711,日月光投控,63.05,0.97,8.50
1150706,3712,永崴投控,,,1.61
1150706,3714,富采,,1.40,1.13
1150706,3715,定穎投控,170.10,0.65,4.35
1150706,3716,中化控股,13.75,2.81,0.67
1150706,3717,聯嘉投控,366.88,0.68,1.81
1150706,4104,佳醫,16.10,6.17,1.36
1150706,4106,雃博,16.57,4.22,0.96
1150706,4108,懷特,,,1.35
1150706,4119,旭富,56.69,1.65,1.00
1150706,4133,亞諾法,706.67,0.52,1.01
1150706,4137,麗豐-KY,12.28,10.36,1.43
1150706,4142,國光生,,,1.59
1150706,4148,全宇生技-KY,14.28,3.24,0.76
1150706,4155,訊映,20.13,1.91,0.90
1150706,4164,承業醫,28.37,3.76,0.77
1150706,4169,泰宗,762.50,0.15,13.14
1150706,4178,永笙-KY,,,2.14
1150706,4190,佐登-KY,,1.92,0.96
1150706,4195,基米-創,,,2.68
1150706,4306,炎洲,43.29,4.26,0.86
1150706,4414,如興,,1.22,0.59
1150706,4426,利勤,,,0.80
1150706,4438,廣越,15.85,3.67,0.82
1150706,4439,冠星-KY,11.00,4.39,0.98
1150706,4440,宜新實業,10.67,5.48,0.96
1150706,4441,振大環球,13.32,5.68,1.97
1150706,4526,東台,39.42,2.44,2.16
1150706,4532,瑞智,15.77,5.20,1.37
1150706,4536,拓凱,13.04,4.57,1.74
1150706,4540,全球傳動,,,2.14
1150706,4545,銘鈺,,0.33,1.58
1150706,4551,智伸科,42.28,1.49,3.63
1150706,4552,力達-KY,12.99,3.00,0.36
1150706,4555,氣立,219.13,0.99,1.22
1150706,4557,永新-KY,,3.98,0.93
1150706,4560,強信-KY,11.92,5.87,1.10
1150706,4562,穎漢,,,3.42
1150706,4564,元翎,,,1.10
1150706,4566,時碩工業,75.22,0.98,1.53
1150706,4569,六方科-KY,36.29,1.85,1.96
1150706,4571,鈞興-KY,20.03,2.92,2.78
1150706,4572,駐龍,57.36,3.29,3.27
1150706,4576,大銀微系統,93.90,0.34,6.91
1150706,4581,光隆精密-KY,12.15,5.91,1.34
1150706,4582,聚恆-創,17.99,3.25,1.49
1150706,4583,台灣精銳,54.56,1.61,5.16
1150706,4585,達明,248.86,0.30,5.00
1150706,4588,玖鼎電力,16.85,5.00,2.70
1150706,4590,富田-創,37.72,2.40,1.49
1150706,4720,德淵,41.97,1.56,1.80
1150706,4722,國精化,158.58,0.44,8.78
1150706,4736,泰博,6.87,3.98,1.25
1150706,4737,華廣,,,1.99
1150706,4739,康普,35.98,0.87,2.32
1150706,4746,台耀,19.54,5.44,0.85
1150706,4755,三福化,39.89,2.57,2.60
1150706,4763,材料*-KY,9.67,6.10,2.29
1150706,4764,雙鍵,163.83,0.32,10.88
1150706,4766,南寶,17.75,4.88,3.41
1150706,4770,上品,21.74,2.73,2.18
1150706,4771,望隼,16.47,3.27,2.96
1150706,4807,日成-KY,27.81,,1.92
1150706,4904,遠傳,26.14,3.70,3.88
1150706,4906,正文,,1.09,1.70
1150706,4912,聯德控股-KY,41.05,1.03,1.47
1150706,4915,致伸,12.94,6.70,1.48
1150706,4916,事欣科,20.05,0.44,3.80
1150706,4919,新唐,,,5.53
1150706,4927,泰鼎-KY,,,2.50
1150706,4930,燦星網,,3.46,0.43
1150706,4934,太極,,,2.61
1150706,4935,茂林-KY,26.93,2.71,0.59
1150706,4938,和碩,19.43,4.75,1.12
1150706,4942,嘉彰,12.79,5.28,0.59
1150706,4943,康控-KY,,,6.43
1150706,4949,有成精密,29.22,1.78,3.22
1150706,4952,凌通,53.33,1.69,2.95
1150706,4956,光鋐,,,2.36
1150706,4958,臻鼎-KY,81.66,0.59,4.93
1150706,4960,誠美材,,,1.99
1150706,4961,天鈺,21.22,4.36,1.20
1150706,4967,十銓,6.68,3.83,3.13
1150706,4968,立積,39.86,1.36,3.88
1150706,4976,佳凌,,,2.54
1150706,4977,眾達-KY,35.25,1.42,3.28
1150706,4989,榮科,,,10.31
1150706,4994,傳奇,58.33,3.30,5.75
1150706,4999,鑫禾,,1.21,0.48
1150706,5007,三星,18.39,5.37,2.50
1150706,5203,訊連,19.32,5.09,1.17
1150706,5215,科嘉-KY,19.10,4.27,0.84
1150706,5222,全訊,69.25,1.93,4.90
1150706,5225,東科-KY,8.28,9.41,1.93
1150706,5234,達興材料,53.38,1.58,13.68
1150706,5243,乙盛-KY,21.25,2.13,2.01
1150706,5244,弘凱,,1.12,1.37
1150706,5258,虹堡,15.40,1.94,1.30
1150706,5269,祥碩,18.65,2.96,3.05
1150706,5283,禾聯碩,9.24,3.66,1.00
1150706,5284,jpp-KY,26.98,1.38,5.00
1150706,5285,界霖,50.71,1.41,3.66
1150706,5288,豐祥-KY,15.50,3.49,2.13
1150706,5292,華懋,22.60,2.84,5.33
1150706,5306,桂盟,13.71,4.32,1.18
1150706,5388,中磊,20.35,3.07,1.55
1150706,5434,崇越,22.15,2.59,5.26
1150706,5469,瀚宇博,15.36,2.86,1.13
1150706,5471,松翰,65.77,1.25,3.02
1150706,5484,慧友,129.05,,6.19
1150706,5515,建國,6.80,8.13,1.44
1150706,5519,隆大,6.92,11.00,1.35
1150706,5521,工信,16.21,1.40,0.93
1150706,5522,遠雄,6.85,8.49,1.06
1150706,5525,順天,8.71,5.49,1.14
1150706,5531,鄉林,161.20,,0.79
1150706,5533,皇鼎,23.67,4.23,0.43
1150706,5534,長虹,16.39,6.85,1.12
1150706,5538,東明-KY,9.59,4.53,0.85
1150706,5546,永固-KY,,5.92,0.73
1150706,5607,遠雄港,16.00,3.46,1.69
1150706,5608,四維航,65.00,,0.60
1150706,5706,鳳凰,13.50,9.45,2.11
1150706,5871,中租-KY,10.81,5.19,1.13
1150706,5876,上海商銀,13.24,4.32,0.97
1150706,5880,合庫金,17.75,4.23,1.38
1150706,5906,台南-KY,52.78,1.84,2.33
1150706,5907,大洋-KY,,,0.27
1150706,6005,群益證,10.74,4.45,1.74
1150706,6024,群益期,10.47,5.55,1.43
1150706,6108,競國,,5.26,0.93
1150706,6112,邁達特,26.38,3.68,2.10
1150706,6115,鎰勝,17.15,5.75,1.64
1150706,6116,彩晶,,,1.54
1150706,6117,迎廣,16.04,2.71,2.90
1150706,6120,達運,,1.71,0.98
1150706,6128,上福,,2.42,0.95
1150706,6133,金橋,37.67,3.64,2.01
1150706,6136,富爾特,28.99,4.76,0.71
1150706,6139,亞翔,25.87,2.47,10.03
1150706,6141,柏承,,,7.17
1150706,6142,友勁,,,1.14
1150706,6152,百一,,,1.86
1150706,6153,嘉聯益,,,1.54
1150706,6155,鈞寶,165.40,0.97,4.53
1150706,6164,華興,785.00,,1.34
1150706,6165,浪凡,12.47,9.62,3.11
1150706,6166,凌華,36.15,0.92,4.91
1150706,6168,宏齊,427.14,,2.00
1150706,6176,瑞儀,9.82,3.80,1.17
1150706,6177,達麗,6.18,6.49,1.72
1150706,6183,關貿,22.27,3.94,4.51
1150706,6184,大豐電,18.25,6.94,1.43
1150706,6189,豐藝,20.04,5.12,2.14
1150706,6191,精成科,16.67,2.43,1.93
1150706,6192,巨路,12.49,4.75,1.62
1150706,6196,帆宣,36.31,1.13,7.19
1150706,6197,佳必琪,36.34,1.86,9.96
1150706,6201,亞弘電,15.05,6.26,1.69
1150706,6202,盛群,104.70,0.98,3.95
1150706,6205,詮欣,44.94,1.99,2.40
1150706,6206,飛捷,18.72,4.12,3.44
1150706,6209,今國光,46.88,0.62,4.14
1150706,6213,聯茂,96.82,0.76,6.83
1150706,6214,精誠,14.31,4.40,1.95
1150706,6215,和椿,40.53,0.87,5.90
1150706,6216,居易,387.50,4.43,1.38
1150706,6224,聚鼎,93.10,1.54,3.16
1150706,6225,天瀚,,,7.83
1150706,6226,光鼎,,,2.22
1150706,6230,尼得科超眾,,,1.89
1150706,6235,華孚,18.13,2.56,1.89
1150706,6239,力成,41.01,1.31,4.36
1150706,6243,迅杰,,,2.42
1150706,6257,矽格,40.81,1.56,6.04
1150706,6269,台郡,,,1.02
1150706,6271,同欣電,40.36,1.10,2.15
1150706,6272,驊陞,13.43,6.22,1.44
1150706,6277,宏正,21.72,4.96,1.81
1150706,6278,台表科,23.12,2.75,2.63
1150706,6281,全國電,13.97,6.33,1.93
1150706,6282,康舒,119.60,1.34,2.27
1150706,6283,淳安,,,2.08
1150706,6285,啟碁,38.13,1.66,3.57
1150706,6405,悅城,,,1.44
1150706,6409,旭隼,36.95,2.87,10.95
1150706,6412,群電,17.69,4.02,2.55
1150706,6414,樺漢,17.84,3.59,2.13
1150706,6415,矽力*-KY,83.33,0.41,6.31
1150706,6416,瑞祺電通,18.20,3.38,1.74
1150706,6426,統新,361.54,0.27,7.76
1150706,6431,光麗-KY,,,3.45
1150706,6438,迅得,30.04,3.05,2.39
1150706,6442,光聖,60.17,0.74,17.62
1150706,6443,元晶,,,5.01
1150706,6446,藥華藥,90.60,0.18,15.60
1150706,6449,鈺邦,42.78,1.28,5.26
1150706,6451,訊芯-KY,,0.04,7.89
1150706,6456,GIS-KY,,,0.79
1150706,6464,台數科,19.04,2.23,1.20
1150706,6472,保瑞,34.07,2.33,3.76
1150706,6477,安集,433.89,0.90,1.54
1150706,6491,晶碩,17.98,2.67,2.59
1150706,6504,南六,,2.75,0.75
1150706,6505,台塑化,21.33,2.02,1.51
1150706,6515,穎崴,182.68,0.56,49.45
1150706,6525,捷敏-KY,33.11,2.49,5.92
1150706,6526,達發,39.38,1.97,6.41
1150706,6531,愛普*,96.95,0.73,13.15
1150706,6533,晶心科,,,2.33
1150706,6534,正瀚-創,18.87,5.32,3.46
1150706,6541,泰福-KY,,,2.06
1150706,6550,北極星藥業-KY,,,2.48
1150706,6552,易華電,,,1.57
1150706,6558,興能高,,,2.19
1150706,6573,虹揚-KY,21.07,,3.68
1150706,6579,研揚,30.18,2.28,2.67
1150706,6581,鋼聯,17.66,4.95,2.96
1150706,6582,申豐,,,0.55
1150706,6585,鼎基,26.33,3.49,2.51
1150706,6589,台康生技,,,1.90
1150706,6591,動力-KY,13.01,7.17,1.07
1150706,6592,和潤企業,12.58,5.33,1.20
1150706,6598,ABC-KY,,,3.54
1150706,6605,帝寶,10.27,4.74,1.10
1150706,6606,建德工業,22.89,4.13,1.75
1150706,6614,資拓宏宇,16.22,4.08,2.18
1150706,6625,必應,7.90,6.31,2.70
1150706,6641,基士德-KY,40.10,2.08,0.47
1150706,6645,金萬林-創,,,2.19
1150706,6655,科定,30.05,4.92,3.56
1150706,6657,華安,,,3.80
1150706,6658,聯策,78.74,0.58,5.42
1150706,6666,羅麗芬-KY,20.12,4.60,1.17
1150706,6668,中揚光,,,1.96
1150706,6669,緯穎,16.88,3.26,6.68
1150706,6670,復盛應用,12.59,6.17,2.14
1150706,6671,三能-KY,10.95,4.85,0.86
1150706,6672,騰輝電子-KY,55.70,1.09,5.92
1150706,6674,鋐寶科技,,,1.39
1150706,6689,伊雲谷,28.72,3.08,1.45
1150706,6691,洋基工程,27.71,2.94,15.14
1150706,6695,芯鼎,,,3.79
1150706,6698,旭暉應材,,1.19,2.58
1150706,6706,惠特,,,3.07
1150706,6715,嘉基,222.75,0.41,8.63
1150706,6719,力智,43.52,1.47,2.30
1150706,6722,輝創,14.25,5.68,1.16
1150706,6742,澤米,,,3.59
1150706,6743,安普新,38.35,9.54,1.73
1150706,6753,龍德造船,21.52,0.82,3.58
1150706,6754,匯僑設計,13.16,8.21,1.32
1150706,6756,威鋒電子,67.43,0.88,2.45
1150706,6757,台灣虎航,9.76,3.99,3.70
1150706,6768,志強-KY,13.92,7.02,0.95
1150706,6770,力積電,41.02,,3.19
1150706,6771,平和環保-創,13.42,8.00,1.38
1150706,6776,展碁國際,13.68,5.45,1.91
1150706,6781,AES-KY,31.94,1.53,5.90
1150706,6782,視陽,14.07,4.03,3.12
1150706,6789,采鈺,112.69,0.57,8.81
1150706,6790,永豐實,13.34,6.47,1.80
1150706,6792,詠業,29.24,3.80,2.16
1150706,6794,向榮生技,,,6.14
1150706,6796,晉弘,,0.42,2.73
1150706,6799,來頡,30.72,2.24,3.04
1150706,6805,富世達,40.07,0.80,14.50
1150706,6807,峰源-KY,9.87,7.43,0.72
1150706,6830,汎銓,,0.23,7.27
1150706,6831,邁科,174.59,0.35,21.67
1150706,6834,天二科技,209.84,0.31,7.75
1150706,6835,圓裕,272.31,2.85,1.30
1150706,6838,台新藥,,,2.59
1150706,6854,錼創科技-KY創,,,3.91
1150706,6861,睿生光電,65.35,0.62,8.64
1150706,6862,三集瑞-KY,31.97,2.56,3.12
1150706,6863,永道-KY,85.23,1.61,1.13
1150706,6869,雲豹能源,,2.75,2.20
1150706,6873,泓德能源,27.88,2.79,1.18
1150706,6885,全福生技,,,1.82
1150706,6887,寶綠特-KY,14.35,7.12,0.85
1150706,6890,來億-KY,21.02,4.22,2.14
1150706,6901,鑽石投資,,,1.82
1150706,6902,GOGOLOOK,45.22,,6.19
1150706,6906,現觀科,44.09,2.06,3.76
1150706,6908,宏碁遊戲-創,27.57,3.31,1.10
1150706,6909,創控,71.11,1.74,3.82
1150706,6914,阜爾運通,14.78,5.54,2.77
1150706,6916,華凌,,,1.38
1150706,6918,愛派司,14.86,6.62,2.26
1150706,6919,康霈*,,,16.61
1150706,6921,嘉雨思-創,202.94,,7.85
1150706,6923,中台,25.70,3.84,2.66
1150706,6924,榮惠-KY創,19.42,3.86,5.14
1150706,6928,攸泰科技,,,2.41
1150706,6931,青松健康,20.83,1.19,2.29
1150706,6933,AMAX-KY,25.00,1.68,2.64
1150706,6934,心誠鎂,,,4.28
1150706,6936,永鴻生技,17.46,4.58,1.72
1150706,6937,天虹,84.88,0.51,5.41
1150706,6944,兆聯實業,27.60,2.04,8.49
1150706,6949,沛爾生醫-創,,,21.95
1150706,6951,青新-創,13.81,6.68,3.53
1150706,6952,大武山,45.97,,1.64
1150706,6955,邦睿生技-創,29.18,2.49,4.76
1150706,6957,裕慶-KY,20.08,4.25,5.11
1150706,6958,日盛台駿,,,0.72
1150706,6962,奕力-KY,26.88,2.55,0.95
1150706,6965,中傑-KY,49.07,6.33,1.01
1150706,6969,成信實業*-創,,,2.31
1150706,6988,威力暘-創,,,0.88
1150706,6994,富威電力,7.34,6.51,1.41
1150706,7610,聯友金屬-創,157.59,0.10,58.25
1150706,7631,聚賢研發-創,21.43,2.42,3.66
1150706,7705,三商餐飲,13.99,5.13,1.31
1150706,7711,永擎,29.02,2.77,4.91
1150706,7721,微程式,121.19,1.40,3.14
1150706,7722,LINEPAY,44.96,0.63,1.99
1150706,7730,暉盛-創,98.45,0.79,7.21
1150706,7732,金興精密,20.49,4.23,1.28
1150706,7736,虎山,15.40,5.40,1.55
1150706,7740,熙特爾-創,20.31,2.30,5.32
1150706,7749,意騰-KY,34.27,2.11,5.04
1150706,7750,新代,54.64,0.73,13.76
1150706,7760,享溫馨,62.20,5.45,1.15
1150706,7765,中華資安,20.29,4.30,4.17
1150706,7768,頌勝科技,120.52,1.06,11.84
1150706,7769,鴻勁,84.85,0.96,19.51
1150706,7780,大研生醫*,43.69,7.85,2.69
1150706,7786,東方風能,12.67,4.52,2.17
1150706,7788,松川精密,63.23,0.84,3.19
1150706,7791,皇家可口,13.69,6.08,1.37
1150706,7795,長廣,238.71,0.32,18.67
1150706,7799,禾榮科,,,5.97
1150706,7803,雲象科技-創,,,3.85
1150706,7818,溢泰實業,12.48,3.18,1.30
1150706,7821,神數,14.06,4.76,2.23
1150706,7822,倍利科,87.71,0.63,8.39
1150706,7823,奧義賽博-KY創,,,4.88
1150706,7827,漢康-KY創,,,47.42
1150706,8011,台通,21.12,3.90,0.91
1150706,8016,矽創,20.85,3.46,3.41
1150706,8021,尖點,151.86,0.38,14.29
1150706,8028,昇陽半導體,73.12,0.82,10.92
1150706,8033,雷虎,331.34,,17.56
1150706,8039,台虹,63.08,1.33,3.72
1150706,8045,達運光電,87.71,1.63,3.02
1150706,8046,南電,227.75,0.19,14.87
1150706,8070,長華*,53.96,4.74,2.28
1150706,8072,陞泰,28.73,3.41,1.04
1150706,8081,致新,18.44,4.94,3.83
1150706,8101,華冠,,,2.80
1150706,8103,瀚荃,22.09,2.73,2.07
1150706,8104,錸寶,,,1.52
1150706,8105,凌巨,731.67,,1.20
1150706,8110,華東,20.00,2.73,2.23
1150706,8112,至上,10.78,4.25,2.55
1150706,8114,振樺電,13.70,5.58,2.07
1150706,8131,福懋科,41.52,1.22,2.88
1150706,8150,南茂,97.88,1.06,3.29
1150706,8162,微矽電子-創,62.17,1.75,4.25
1150706,8163,達方,83.73,1.17,1.16
1150706,8201,無敵,,,1.84
1150706,8210,勤誠,38.24,1.09,12.82
1150706,8213,志超,18.60,3.18,0.59
1150706,8215,明基材,,0.99,1.98
1150706,8222,寶一,71.80,0.80,3.24
1150706,8249,菱光,18.32,4.24,1.07
1150706,8261,富鼎,60.27,1.42,6.84
1150706,8271,宇瞻,9.55,2.27,3.98
1150706,8341,日友,16.38,5.19,1.96
1150706,8367,建新國際,11.51,7.04,1.15
1150706,8374,羅昇,,0.22,5.11
1150706,8404,百和興業-KY,15.50,2.96,0.98
1150706,8411,福貞-KY,124.00,0.81,0.45
1150706,8422,可寧衛*,26.48,4.20,3.01
1150706,8429,金麗-KY,58.82,,0.18
1150706,8438,昶昕,40.49,1.22,3.72
1150706,8442,威宏-KY,23.85,7.03,0.83
1150706,8443,阿瘦,,,1.19
1150706,8454,富邦媒,26.81,3.56,7.19
1150706,8462,柏文,16.27,4.82,4.42
1150706,8463,潤泰材,10.26,3.68,1.32
1150706,8464,億豐,16.76,4.32,3.97
1150706,8466,美吉吉-KY,,1.73,0.45
1150706,8467,波力-KY,13.24,6.19,2.15
1150706,8473,山林水,17.05,3.87,1.25
1150706,8476,台境*,57.02,0.84,2.08
1150706,8478,東哥遊艇,9.87,4.01,1.59
1150706,8481,政伸,13.80,6.53,1.71
1150706,8482,商億-KY,20.87,3.98,1.61
1150706,8487,愛爾達-創,13.98,6.14,2.81
1150706,8488,吉源-KY,,,0.31
1150706,8499,鼎炫-KY,32.62,2.46,1.57
1150706,8926,台汽電,19.85,2.62,3.39
1150706,8940,新天地,26.67,,1.33
1150706,8996,高力,101.64,0.32,28.53
1150706,9802,鈺齊-KY,13.19,6.82,1.11
1150706,9902,台火,,,1.12
1150706,9904,寶成,6.71,5.34,0.47
1150706,9905,大華,15.14,5.15,0.77
1150706,9906,欣巴巴,16.13,0.19,2.61
1150706,9907,統一實,13.87,7.66,1.09
1150706,9908,大台北,16.95,4.00,1.02
1150706,9910,豐泰,14.98,5.92,2.55
1150706,9911,櫻花,13.29,5.92,2.98
1150706,9912,偉聯,,,1.86
1150706,9914,美利達,20.51,3.69,1.13
1150706,9917,中保科,15.63,5.85,3.29
1150706,9918,欣天然,25.62,3.46,2.44
1150706,9919,康那香,,,1.36
1150706,9921,巨大,192.75,2.33,0.88
1150706,9924,福興,14.62,6.20,0.90
1150706,9925,新保,16.95,4.90,1.16
1150706,9926,新海,18.21,4.23,2.00
1150706,9927,泰銘,14.10,7.24,1.60
1150706,9928,中視,,,0.62
1150706,9929,秋雨,41.67,,1.38
1150706,9930,中聯資源,13.57,6.23,2.31
1150706,9931,欣高,14.05,5.38,1.17
1150706,9933,中鼎,9.81,2.41,1.79
1150706,9934,成霖,,0.94,0.69
1150706,9935,慶豐富,11.52,6.35,1.28
1150706,9937,全國,22.21,3.98,2.85
1150706,9938,百和,13.20,6.61,1.05
1150706,9939,宏全,13.75,5.00,1.93
1150706,9940,信義,52.97,3.06,1.09
1150706,9941,裕融,12.17,5.51,1.34
1150706,9942,茂順,14.43,5.91,2.18
1150706,9943,好樂迪,14.83,6.55,1.83
1150706,9944,新麗,360.00,1.67,0.55
1150706,9945,潤泰新,7.44,4.15,0.66
1150706,9946,三發地產,4.81,6.85,0.91
1150706,9955,佳龍,38.24,,2.28
1150706,9958,世紀鋼,15.37,3.73,2.59
