股票代號,股票名稱,融資買進,融資賣出,融資現金償還,融資前日餘額,融資今日餘額,融資限額,融券買進,融券賣出,融券現券償還,融券前日餘額,融券今日餘額,融券限額,資券互抵,註記
00400A,主動國泰動能高息,336,916,,15650,15070,384785,,60,,2,62,384785,3, 
00401A,主動摩根台灣鑫收,5,107,,900,798,65848,,,,,,65848,, 
00403A,主動統一升級50,11364,11715,138,198929,198440,4448754,3781,899,,4096,1214,4448754,270, 
0050,元大台灣50,759,416,1,9344,9686,4695000,124,18,,1318,1212,4695000,3, 
0051,元大中型100,2,,,50,52,6125,,,,,,6125,, 
0052,富邦科技,898,321,1,9946,10522,626500,38,2,,119,83,626500,1, 
0053,元大電子,2,,,7,9,1247,,,,,,1247,, 
0055,元大MSCI金融,33,40,,69,62,20288,,,,,,20288,, 
0056,元大高股息,111,513,11,2920,2507,3436758,18,4,,110,96,3436758,1, 
0057,富邦摩台,,,,,,381,,,,,,381,, 
0061,元大寶滬深,,,,137,137,25904,,,,,,25904,, 
006203,元大MSCI台灣,,,,,,2554,,,,,,2554,, 
006204,永豐臺灣加權,,,,,,375,,,,,,375,, 
006205,富邦上証,,,,9,9,25359,,,,1,1,25359,, 
006206,元大上證50,1,,,12,13,7319,,,,,,7319,, 
006207,復華滬深,,,,5,5,5598,,,,,,5598,, 
006208,富邦台50,25,16,,260,269,460135,,,,31,31,460135,, 
00631L,元大台灣50正2,14640,7000,8,134576,142208,1114212,2397,697,1,14598,12897,1114212,428, 
00632R,元大台灣50反1,8186,14812,31,294291,287634,574051,26,279,,4927,5180,574051,1051, 
00633L,富邦上証正2,112,100,,7431,7443,35239,66,7,,897,838,35239,, 
00634R,富邦上証反1,1,,,1866,1867,11814,,,,23,23,11814,, 
00635U,期元大S&P黃金,89,82,,4865,4872,73503,1,,,270,269,73503,, 
00636,國泰中國A50,,1,,38,37,26831,,,,,,26831,, 
00637L,元大滬深300正2,4504,659,,81190,85035,205276,426,7,,11481,11062,205276,219, 
00638R,元大滬深300反1,,,,920,920,6862,,,,4,4,6862,, 
00639,富邦深100,40,8,,587,619,28100,,,,7,7,28100,, 
00640L,富邦日本正2,1,20,,650,631,2354,,,,78,78,2354,, 
00641R,富邦日本反1,605,136,,7882,8351,18689,10,,,507,497,18689,, 
00642U,期元大S&P石油,59,495,,6637,6201,26205,17,36,,3679,3698,26205,, 
00643,群益深証中小,43,5,,1007,1045,20393,,,,,,20393,, 
00645,富邦日本,,,,29,29,12749,,,,,,12749,, 
00646,元大S&P500,,,,141,141,136996,,,,2,2,136996,, 
00647L,元大S&P500正2,,,,26,26,1604,,,,,,1604,, 
00648R,元大S&P500反1,429,7,,9501,9923,36672,,,,155,155,36672,, 
00650L,復華香港正2,51,997,,15786,14840,30334,4,47,,1587,1630,30334,44, 
00651R,復華香港反1,,1,,1960,1959,8298,14,,,332,318,8298,, 
00652,富邦印度,,,,39,39,17008,,,,,,17008,, 
00653L,富邦印度正2,4,13,,2806,2797,4600,1,,,8,7,4600,, 
00654R,富邦印度反1,3,97,,730,636,5116,,,,71,71,5116,, 
00655L,國泰中國A50正2,54,34,,2235,2255,18114,,,,357,357,18114,, 
00656R,國泰中國A50反1,5,1,,232,236,5089,,,,,,5089,, 
00657,國泰日經225,,,,,,1646,,,,,,1646,, 
00660,元大歐洲50,,,,8,8,2007,,,,,,2007,, 
00661,元大日經225,,,,12,12,5981,,,,,,5981,, 
00662,富邦NASDAQ,2,14,,936,924,188007,,,,2,2,188007,, 
00663L,國泰臺灣加權正2,316,206,1,5630,5739,28165,126,62,,1994,1930,28165,9, 
00664R,國泰臺灣加權反1,3622,1449,,107353,109526,196018,,4,,426,430,196018,105, 
00665L,富邦恒生國企正2,192,1223,,77690,76659,114866,6,8,,1577,1579,114866,70, 
00666R,富邦恒生國企反1,,1,,540,539,3781,,,,12,12,3781,, 
00668,國泰美國道瓊,,,,74,74,2883,,,,,,2883,, 
00669R,國泰美國道瓊反1,556,10,,14880,15426,52154,3,,,189,186,52154,, 
00670L,富邦NASDAQ正2,24,135,,1385,1274,18786,2,9,,230,237,18786,, 
00671R,富邦NASDAQ反1,33,26,1,134754,134760,136721,42,,,2627,2585,136721,2,O 
00673R,期元大S&P原油反1,3665,1300,54,111102,113413,211762,307,1,,597,291,211762,, 
00674R,期元大S&P黃金反1,,,,115,115,,,,,,,,,OX 
00675L,富邦臺灣加權正2,112,51,,1533,1594,27071,11,8,,575,572,27071,1, 
00676R,富邦臺灣加權反1,730,1005,,21548,21273,43208,,16,,288,304,43208,14, 
00678,群益那斯達克生技,,,,11,11,1987,,,,,,1987,, 
00680L,元大美債20正2,2886,476,700,83530,85240,472019,1,12,,273,284,472019,, 
00681R,元大美債20反1,,,,18,18,1898,,,,,,1898,, 
00682U,期元大美元指數,,,,3,3,1911,,,,,,1911,, 
00683L,期元大美元指正2,,,,134,134,2858,,,,1,1,2858,, 
00684R,期元大美元指反1,,,,21,21,2422,,,,,,2422,, 
00685L,群益臺灣加權正2,75,13,4,375,433,10034,4,7,,18,21,10034,1, 
00686R,群益臺灣加權反1,393,752,,18854,18495,44569,,6,,23,29,44569,, 
00688L,國泰20年美債正2,827,657,1,37094,37263,198153,,,,20,20,198153,, 
00689R,國泰20年美債反1,,,,1,1,1722,,,,,,1722,, 
00690,兆豐藍籌30,4,1,,81,84,20207,,,,,,20207,, 
00692,富邦公司治理,,,,59,59,155320,,,,,,155320,, 
00693U,期街口S&P黃豆,893,575,,3778,4096,24916,,4,,8,12,24916,, 
00700,富邦恒生國企,,,,179,179,8995,,,,,,8995,, 
00701,國泰股利精選30,1,,,91,92,45472,,,,,,45472,, 
00702,國泰標普低波高息,,,,,,1672,,,,,,1672,, 
00703,台新MSCI中國,,,,2,2,2512,,,,,,2512,, 
00706L,期元大S&P日圓正2,94,10,,2713,2797,39567,,,,48,48,39567,, 
00707R,期元大S&P日圓反1,,,,,,1463,,,,,,1463,,X 
00708L,期元大S&P黃金正2,320,125,1,9435,9629,27393,4,6,,730,732,27393,3, 
00709,富邦歐洲,,,,2,2,3990,,,,,,3990,, 
00710B,復華彭博非投等債,,,,13,13,45815,,,,,,45815,, 
00711B,復華彭博新興債,,,,3,3,218065,,,,,,218065,, 
00712,復華富時不動產,167,20,1,14732,14878,1228377,20,,,89,69,1228377,, 
00713,元大台灣高息低波,4,15,,123,112,476878,,,,4,4,476878,, 
00714,群益道瓊美國地產,,,,3,3,5516,,,,,,5516,, 
00715L,期街口布蘭特正2,723,1038,,10262,9947,21297,47,19,,6851,6823,21297,24, 
00717,富邦美國特別股,,,,2,2,34901,,,,,,34901,, 
00728,第一金工業30,,,,,,9855,,,,,,9855,, 
00730,富邦臺灣優質高息,,,,37,37,18636,,,,,,18636,, 
00731,復華富時高息低波,2,,,6,8,6275,,,,,,6275,, 
00733,富邦臺灣中小,2,3,,49,48,18366,,2,,,2,18366,, 
00735,國泰臺韓科技,42,111,20,1951,1862,16947,3,5,,32,34,16947,, 
00736,國泰新興市場,,,,,,1681,,,,,,1681,, 
00737,國泰AI機器人,,,,54,54,5634,,,,,,5634,, 
00738U,期元大道瓊白銀,325,395,20,12006,11916,63574,2,10,,362,370,63574,3, 
00739,元大MSCI A股,,,,,,6497,,,,,,6497,, 
00752,中信中國50,2,,2,612,612,76554,,,,6,6,76554,, 
00753L,中信中國50正2,306,1825,,103542,102023,180414,,68,,1213,1281,180414,10, 
00757,統一FANG+,2,11,,415,406,74248,,,,13,13,74248,, 
00762,元大全球AI,,,,60,60,12062,,,,,,12062,, 
00763U,期街口道瓊銅,60,50,,1973,1983,13641,,,,104,104,13641,, 
00770,國泰北美科技,,1,,25,24,20739,,,,,,20739,, 
00771,元大US高息特別股,,,,,,3556,,,,,,3556,,X 
00775B,新光投等債15+,,,,,,58025,,,,,,58025,,X 
00783,富邦中証500,,,,452,452,2632,,,,,,2632,, 
00830,國泰費城半導體,370,170,,2917,3117,164866,28,5,,272,249,164866,1, 
00850,元大臺灣ESG永續,9,,2,33,40,104236,,,,,,104236,,X 
00851,台新全球AI,,,,1,1,1506,,,,,,1506,, 
00852L,國泰美國道瓊正2,1,40,,173,134,2216,,,,78,78,2216,, 
00861,元大全球未來通訊,1,,,12,13,17228,,,,,,17228,, 
00865B,國泰US短期公債,,,,354,354,58811,,,,,,58811,, 
00875,國泰網路資安,,,,1,1,3372,,,,,,3372,, 
00876,元大全球5G,1,,,7,8,18506,,,,,,18506,, 
00878,國泰永續高股息,324,1325,,6892,5891,4735947,,3,,,3,4735947,61, 
00881,國泰台灣科技龍頭,77,33,8,991,1027,588475,,,,39,39,588475,1, 
00882,中信中國高股息,10,35,,1950,1925,511837,,,,2,2,511837,, 
00885,富邦越南,5,12,,831,824,164809,,5,,168,173,164809,, 
00891,中信關鍵半導體,934,546,1,12165,12552,461522,,14,,,14,461522,13, 
00892,富邦台灣半導體,9,191,15,618,421,67198,,,,,,67198,, 
00893,國泰智能電動車,4,1,,100,103,93971,,,,23,23,93971,, 
00894,中信小資高價30,17,22,,937,932,38127,,,,,,38127,, 
00895,富邦未來車,1,17,,102,86,38854,,,,12,12,38854,, 
00896,中信綠能及電動車,171,3,,353,521,67845,,,,,,67845,4, 
00897,富邦基因免疫生技,,,,17,17,38378,,,,,,38378,, 
00898,國泰基因免疫革命,,,,23,23,40119,,,,,,40119,, 
00899,FT潔淨能源,1,2,,47,46,4158,,,,,,4158,, 
00900,富邦特選高股息30,12,38,,270,244,453631,,,,,,453631,22, 
00901,永豐智能車供應鏈,,,,10,10,16337,,,,,,16337,, 
00902,中信電池及儲能,12,47,,1194,1159,59874,3,,,40,37,59874,, 
00903,富邦元宇宙,,,,8,8,13555,,,,,,13555,, 
00904,新光臺灣半導體30,25,5,,924,944,43028,,,,1,1,43028,, 
00905,FT臺灣Smart,15,1,,172,186,83456,,,,,,83456,, 
00907,永豐優息存股,,,,29,29,46408,,,,,,46408,, 
00908,富邦入息REITs+,,,,,,9229,,,,,,9229,, 
00909,國泰數位支付服務,55,40,,1348,1363,35801,,4,,64,68,35801,4, 
00910,第一金太空衛星,146,262,,1577,1461,23109,,,,4,4,23109,2, 
00911,兆豐洲際半導體,6,23,,137,120,4600,,,,,,4600,, 
00912,中信臺灣智慧50,1,2,,5,4,14813,,,,,,14813,, 
00913,兆豐台灣晶圓製造,,5,,42,37,5066,,,,,,5066,, 
00915,凱基優選高股息30,18,1,,104,121,153370,,,,,,153370,2, 
00916,國泰全球品牌50,,,,2,2,15604,,,,,,15604,, 
00917,中信特選金融,1,83,,171,89,15994,,,,,,15994,, 
00918,大華優利高填息30,106,19,15,1971,2043,792066,,,,83,83,792066,, 
00919,群益台灣精選高息,1117,208,89,7395,8215,4428283,,25,,78,103,4428283,2, 
00920,富邦ESG綠色電力,1,,,51,52,4820,,,,,,4820,, 
00921,兆豐龍頭等權重,,,,,,15442,,,,,,15442,, 
00922,國泰台灣領袖50,23,,,1005,1028,492046,3,,,70,67,492046,, 
00923,群益台ESG低碳50,2,9,,543,536,212355,,,,7,7,212355,, 
00924,復華S&P500成長,,2,,85,83,113650,,,,,,113650,, 
00926,凱基全球菁英55,,,,24,24,21870,,,,,,21870,, 
00927,群益半導體收益,224,51,4,3042,3211,188724,,2,,14,16,188724,1, 
00929,復華台灣科技優息,440,122,1,2428,2745,1180659,,,,,,1180659,, 
00930,永豐ESG低碳高息,3,2,1,23,23,37319,,,,,,37319,,X 
00932,兆豐永續高息等權,,,,5,5,39820,,,,,,39820,, 
00934,中信成長高股息,,102,,492,390,102381,,,,,,102381,10, 
00935,野村臺灣新科技50,237,62,1,2779,2953,144501,3,1,,66,64,144501,4, 
00936,台新永續高息中小,,2,,11,9,64324,,,,,,64324,, 
00938,凱基優選30,1,,,50,51,20379,,,,,,20379,, 
00939,統一台灣高息動能,,6,,86,80,314244,,,,,,314244,, 
00940,元大台灣價值高息,6,135,,1156,1027,1488716,,,,,,1488716,6, 
00941,中信上游半導體,17,20,,200,197,114447,,,,1,1,114447,, 
00943,兆豐電子高息等權,,1,,5,4,10722,,,,,,10722,, 
00944,野村趨勢動能高息,,,,2,2,14770,,,,,,14770,, 
00945B,凱基美國非投等債,,20,,957,937,216829,,,,,,216829,, 
00946,群益科技高息成長,4,46,50,605,513,124436,,,,,,124436,, 
00947,台新臺灣IC設計,294,399,3,2621,2513,47091,6,8,,16,18,47091,5, 
00949,復華日本龍頭,2,2,,144,144,49107,,,,,,49107,, 
00951,台新日本半導體,75,5,,1403,1473,59760,,,,2,2,59760,, 
00952,凱基台灣AI50,36,21,,668,683,57318,,,,,,57318,, 
00953B,群益優選非投等債,31,910,,72418,71539,1106293,,,,,,1106293,, 
00954,中信日本半導體,86,28,,1135,1193,25311,,2,,,2,25311,, 
00956,中信日經高股息,,,,96,96,8657,,,,,,8657,, 
00960,野村全球航運龍頭,,,,63,63,17373,,,,,,17373,, 
00961,FT臺灣永續高息,4,90,,774,688,43252,,,,,,43252,, 
00962,台新AI優息動能,,,,95,95,12105,,,,,,12105,, 
00963,中信全球高股息,,,,11,11,22233,,,,,,22233,, 
00964,中信亞太高股息,5,,,64,69,16156,,,,,,16156,, 
00965,元大航太防衛科技,1,7,,3500,3494,130498,1,,,53,52,130498,, 
00971,野村美國研發龍頭,,,,60,60,17544,,,,,,17544,, 
00972,野村日本動能高息,,,,11,11,5043,,,,,,5043,, 
009800,中信NASDAQ,2,46,,1450,1406,72722,,,,9,9,72722,, 
009801,中信美國創新科技,,,,95,95,29279,,,,2,2,29279,, 
009802,富邦旗艦50,33,138,,2510,2405,131373,,6,,5,11,131373,, 
009803,玉山市值動能50,28,17,,128,139,32832,,,,,,32832,, 
009804,聯邦台精彩50,,23,,120,97,29723,,,,,,29723,, 
009805,新光美國電力基建,166,197,,18347,18316,177954,4,,,5,1,177954,, 
009808,華南永昌優選50,10,,,71,81,10627,,,,,,10627,, 
009809,富邦淨零ESG50,,,,4,4,8840,,,,,,8840,, 
00980A,主動野村臺灣優選,143,83,,4695,4755,192557,,53,,,53,192557,1, 
009810,玉山全球藍籌100,,,,,,4913,,,,,,4913,, 
009811,統一美國50,,,,126,126,73237,,,,35,35,73237,, 
009812,野村日本東證,,,,54,54,27970,,,,,,27970,, 
009813,貝萊德標普卓越50,,3,,254,251,112331,,,,,,112331,, 
009816,凱基台灣TOP50,605,1673,5,29946,28873,2147961,30,43,1,548,560,2147961,5, 
009817,國泰日本不動產,,1,,150,149,70984,,,,,,70984,, 
009818,華南永昌NASDAQxT,,,,4,4,15788,,,,,,15788,, 
009819,中信數據及電力,579,108,50,4467,4888,165686,1,,,1,,165686,, 
00981A,主動統一台股增長,7375,10675,201,187100,183599,2272677,532,918,,3910,4296,2272677,186, 
00981T,平衡凱基雙核收息,1,2,,26,25,44065,,,,,,44065,, 
009820,元大納斯達克精選,20,183,,1943,1780,449800,,,,200,200,449800,, 
00982A,主動群益台灣強棒,1257,944,,15703,16016,586109,,29,,,29,586109,26, 
00982D,主動富邦動態入息,5,,,130,135,20807,,,,,,20807,, 
00982T,平衡兆豐台美動能,,,,,,4774,,,,,,4774,, 
00983A,主動中信ARK創新,14,14,,869,869,54421,,,,6,6,54421,, 
00983D,主動富邦複合收益,,,,54,54,26299,,,,,,26299,, 
00984A,主動安聯台灣高息,42,3,,635,674,113239,,,,,,113239,, 
00984D,主動聯博全球非投,67,2,,3723,3788,56014,,,,,,56014,, 
00985A,主動野村台灣50,88,102,,2032,2018,129947,,17,,67,84,129947,, 
00985B,群益ESG投等債0-5,,,,277,277,128375,,,,,,128375,, 
00986A,主動台新龍頭成長,,3,,53,50,10831,,,,,,10831,, 
00987A,主動台新優勢成長,78,25,,3198,3251,49660,,8,,19,27,49660,4, 
00988A,主動統一全球創新,15660,6796,,69437,78301,499984,273,990,750,31243,31210,499984,12, 
00989A,主動摩根美國科技,,22,,154,132,21029,,,,,,21029,, 
00990A,主動元大AI新經濟,1090,3734,,12650,10006,452630,77,124,,170,217,452630,15, 
00991A,主動復華未來50,4422,3547,25,57748,58598,660104,49,162,,475,588,660104,66, 
00992A,主動群益科技創新,2240,5269,6,56880,53845,720738,81,205,,750,874,720738,30, 
00993A,主動安聯台灣,68,105,1,2017,1979,223397,7,15,,39,47,223397,2, 
00994A,主動第一金台股優,173,224,2,8556,8503,79172,5,,,8,3,79172,, 
00995A,主動中信台灣卓越,31,114,,2014,1931,81758,2,,,13,11,81758,, 
00996A,主動兆豐台灣豐收,144,229,,2961,2876,83474,15,23,,19,27,83474,, 
00997A,主動群益美國增長,436,1416,15,8358,7363,246344,,1,,2,3,246344,, 
00999A,主動野村臺灣高息,230,272,38,10864,10784,407129,,21,,2,23,407129,, 
1101,台泥,494,382,3,31094,31203,1880795,6,1,,87,82,1880795,3, 
1102,亞泥,5,69,,1387,1323,886640,,,,13,13,886640,, 
1103,嘉泥,2,3,,4132,4131,197561,,,,,,197561,, 
1104,環泥,3,2,,1042,1043,171670,,,,,,171670,, 
1108,幸福,,40,,798,758,101184,,,,,,101184,, 
1109,信大,4,,,307,311,85289,,,,,,85289,, 
1110,東泥,2,5,,2779,2776,143000,,,,,,143000,, 
1201,味全,2,14,,1280,1268,126515,2,,,2,,126515,, 
1203,味王,,1,,7,6,60000,,,,,,60000,, 
1210,大成,7,27,,1900,1880,223691,,,,,,223691,, 
1213,大飲,,,,,,,,,,,,,,OX 
1215,卜蜂,5,24,,281,262,73697,,,,,,73697,, 
1216,統一,6,150,,1081,937,1420503,,,,10,10,1420503,, 
1217,愛之味,,20,,1263,1243,123628,,,,,,123628,, 
1218,泰山,2,51,,1607,1558,124999,,,,,,124999,, 
1219,福壽,2,1,,1118,1119,85309,,,,,,85309,, 
1220,台榮,10,,7,1146,1149,44269,,,,,,44269,, 
1225,福懋油,,,,7140,7140,60567,,,,,,60567,, 
1227,佳格,4,2,26,1000,976,228772,,,,11,11,228772,, 
1229,聯華,48,6,27,2885,2900,448990,,41,,5,46,448990,, 
1231,聯華食,,,,264,264,74613,,,,,,74613,, 
1232,大統益,,,,4,4,39993,,,,,,39993,, 
1233,天仁,,,,57,57,22647,,,,,,22647,, 
1234,黑松,3,2,,25,26,100467,,,,,,100467,, 
1235,興泰,,,20,713,693,47144,,,,,,47144,, 
1236,宏亞,5,3,,194,196,21668,,,,,,21668,, 
1256,鮮活果汁-KY,3,4,,344,343,8943,,,,,,8943,, 
1301,台塑,588,444,24,18426,18546,1591435,1,2,,235,236,1591435,1, 
1303,南亞,2478,3573,2,42823,41726,1982705,77,431,,2686,3040,1982705,187, 
1304,台聚,298,168,20,12661,12771,297190,1,1,,124,124,297190,1, 
1305,華夏,109,225,13,7528,7399,145262,24,16,,269,261,145262,8, 
1307,三芳,31,6,,1679,1704,99454,,,,1,1,99454,, 
1308,亞聚,68,127,,8093,8034,148435,2,15,,8,21,148435,, 
1309,台達化,701,937,19,9286,9031,99396,15,28,,1410,1423,99396,5, 
1310,台苯,101,81,,11482,11502,131967,,1,,5,6,131967,, 
1312,國喬,128,219,,16114,16023,276655,10,,,16,6,276655,11, 
1313,聯成,305,200,,11253,11358,337711,,,,2,2,337711,, 
1314,中石化,509,308,,47180,47381,946212,3,1,,14,12,946212,6, 
1315,達新,,,,60,60,24774,,,,,,24774,, 
1316,上曜,204,170,50,11013,10997,93986,1,1,,17,17,93986,10, 
1319,東陽,99,94,4,5012,5013,147869,,19,,5,24,147869,, 
1321,大洋,26,31,,7096,7091,56807,,,,,,56807,, 
1323,永裕,57,5,,115,167,22818,,,,,,22818,, 
1324,地球,1,2,,1459,1458,18780,,,,,,18780,, 
1325,恆大,62,251,,2603,2414,21320,23,13,,40,30,21320,, 
1326,台化,617,344,,16668,16941,1465296,6,,,63,57,1465296,10, 
1337,再生-KY,1,1,,20922,20922,67238,,,,,,67238,, 
1338,廣華-KY,131,9,,2384,2506,20960,1,,,1,,20960,, 
1339,昭輝,,5,,643,638,18534,,,,,,18534,, 
1340,勝悅-KY,,,,968,968,38230,,,,,,38230,, 
1342,八貫,12,10,,529,531,19500,,,,,,19500,, 
1402,遠東新,293,301,,9643,9635,1338218,,,,228,228,1338218,, 
1409,新纖,118,470,4,10062,9706,404602,,,,3,3,404602,, 
1410,南染,,,,317,317,15500,,,,,,15500,, 
1413,宏洲,,,,,,,,,,,,,,OX 
1414,東和,73,82,,1016,1007,49500,,,,,,49500,, 
1416,廣豐,30,20,,3798,3808,46335,,,,,,46335,, 
1417,嘉裕,10,,,1534,1544,47485,,,,,,47485,, 
1418,東華,,,,718,718,11708,,,,,,11708,, 
1419,新紡,18,19,,1217,1216,75010,,,,3,3,75010,, 
1423,利華,,1,,69,68,24912,,,,,,24912,, 
1432,大魯閣,13,,,109,122,22500,,,,,,22500,, 
1434,福懋,4,33,,2598,2569,421166,,,,,,421166,, 
1435,中福,,,,,,,,,,,,,,OX!
1436,華友聯,,2,,903,901,48537,,,,11,11,48537,, 
1437,勤益控,,1,,1968,1967,50467,,,,30,30,50467,, 
1438,三地開發,1,,,61,62,22801,,,,,,22801,, 
1439,雋揚,,143,,1206,1063,23000,,,,7,7,23000,, 
1440,南紡,105,24,,4974,5055,414203,,,,,,414203,, 
1441,大東,,,,,,,,,,,,,,OX 
1442,名軒,20,33,,3121,3108,91552,,,,9,9,91552,, 
1443,立益物流,,,,35,35,33835,,,,,,33835,, 
1444,力麗,,,,1015,1015,,,,,,,,,OX 
1445,大宇,,,,1303,1303,32666,,,,,,32666,, 
1446,宏和,6,,,2262,2268,34427,,,,,,34427,, 
1447,力鵬,,62,,2493,2431,,,,,,,,,OX 
1449,佳和,45,24,4,3910,3927,31778,,,,,,31778,1, 
1451,年興,10,,,612,622,49500,,,,,,49500,, 
1452,宏益,3,3,,103,103,33160,,,,,,33160,, 
1453,大將,1,1,,1312,1312,28310,,,,,,28310,, 
1454,台富,,,,2091,2091,32458,,,,,,32458,, 
1455,集盛,,68,,2717,2649,132922,12,,,26,14,132922,, 
1456,怡華,2,,,317,319,23430,,,,,,23430,, 
1457,宜進,1,1,,603,603,79182,,,,,,79182,, 
1459,聯發,,1,,370,369,89657,,,,,,89657,, 
1460,宏遠,,,,,,,,,,,,,,OX 
1463,強盛新,,,,248,248,43317,,,,,,43317,, 
1464,得力,,8,,2005,1997,106393,,,,,,106393,, 
1465,偉全,23,18,,3335,3340,25901,,,,,,25901,, 
1466,聚隆,5,3,,4698,4700,27789,,,,1,1,27789,, 
1467,南緯,58,1,,4658,4715,42052,,,,,,42052,, 
1468,昶和,,,,,,,,,,,,,,OX 
1470,大統新創,,,,6,6,21441,,,,,,21441,, 
1471,首利,,,,,,,,,,,,,,OX 
1472,三洋實業,,5,,4149,4144,8747,,,,,,8747,, 
1473,台南,4,5,,819,818,36538,,,,,,36538,, 
1474,弘裕,,3,,3352,3349,32474,,,,,,32474,, 
1475,業旺,1,,,361,362,16504,,,,,,16504,, 
1476,儒鴻,84,4,,661,741,68591,,1,,3,4,68591,, 
1477,聚陽,37,12,,1436,1461,61673,1,12,,9,20,61673,, 
1503,士電,76,35,,2894,2935,130243,,1,,24,25,130243,, 
1504,東元,187,265,2,27501,27421,594110,22,3,,102,83,594110,1, 
1506,正道,,,,,,,,,,,,,,OX 
1512,瑞利,,,,,,,,,,,,,,OX 
1513,中興電,76,113,4,8915,8874,125778,,3,,18,21,125778,5, 
1514,亞力,153,85,1,7299,7366,68277,3,401,,191,589,68277,, 
1515,力山,7,2,,1967,1972,45368,,1,,2,3,45368,, 
1516,川飛,,,,18,18,,,,,,,,,OX 
1517,利奇,88,3,,1311,1396,55000,1,,,1,,55000,, 
1519,華城,82,67,6,3325,3334,78970,11,1,,50,40,78970,1, 
1521,大億,,,,421,421,19057,,,,,,19057,, 
1522,堤維西,43,10,,4629,4662,78224,,1,,29,30,78224,, 
1524,耿鼎,24,40,50,4658,4592,41327,10,,,17,7,41327,, 
1525,江申,1,,,249,250,18350,,,,,,18350,, 
1526,日馳,14,64,,622,572,15000,,,,,,15000,, 
1527,鑽全,,,,545,545,34642,,,,1,1,34642,, 
1528,恩德,431,364,,10272,10339,47832,7,11,,338,342,47832,6, 
1529,樂事綠能,17,28,2,3428,3415,38773,,,,,,38773,2, 
1530,亞崴,,,,133,133,23648,,,,,,23648,, 
1531,高林股,13,13,2,1925,1923,45527,,,,1,1,45527,, 
1532,勤美,26,13,5,2418,2426,105651,,,,,,105651,, 
1533,車王電,31,33,,741,739,24636,,,,,,24636,, 
1535,中宇,,,,49,49,30935,,,,,,30935,, 
1536,和大,96,175,,8720,8641,69739,15,18,,203,206,69739,, 
1537,廣隆,2,3,,33,32,20515,,,,,,20515,, 
1538,正峰,,,,,,,,,,,,,,OX 
1539,巨庭,4,1,,1219,1222,16342,,,,,,16342,, 
1540,喬福,17,26,,1883,1874,21368,,,,,,21368,, 
1541,錩泰,1,3,,115,113,19700,,,,,,19700,, 
1558,伸興,,,,294,294,16133,,,,,,16133,, 
1560,中砂,62,47,1,1902,1916,37441,4,10,,73,79,37441,, 
1563,巧新,12,24,,1067,1055,56402,,,,,,56402,, 
1568,倉佑,15,17,,3122,3120,25771,1,,,1,,25771,, 
1582,信錦,2228,1387,,7718,8559,36067,1,85,,48,132,36067,24, 
1583,程泰,2,1,,31,32,27350,,,,,,27350,, 
1587,吉茂,9,20,,2906,2895,20013,1,,,4,3,20013,, 
1589,永冠-KY,,,38,1776,1738,,,,,,,,,OX!
1590,亞德客-KY,3,12,1,182,172,49999,,,,1,1,49999,, 
1597,直得,455,380,,7185,7260,22315,18,6,,202,190,22315,425, 
1598,岱宇,12,7,,2162,2167,44785,2,,,7,5,44785,, 
1603,華電,23,2,,2331,2352,47922,,,,68,68,47922,, 
1604,聲寶,,,,261,261,96050,,,,,,96050,, 
1605,華新,1448,2460,11,50187,49164,1107833,134,7,,346,219,1107833,11, 
1608,華榮,107,40,,8451,8518,158193,,,,,,158193,1, 
1609,大亞,73,221,6,13731,13577,196315,,,,17,17,196315,, 
1611,中電,17,2,23,3464,3456,80683,1,,,2,1,80683,, 
1612,宏泰,7,9,,1394,1392,79020,,,,1,1,79020,1, 
1614,三洋電,,,,356,356,67278,,,,,,67278,, 
1615,大山,,2,,150,148,49165,,,,5,5,49165,, 
1616,億泰,45,7,,3555,3593,48537,2,2,,7,7,48537,, 
1617,榮星,,2,,1223,1221,42378,,,,,,42378,, 
1618,合機,19,10,6,3989,3992,48172,,,,4,4,48172,6, 
1626,艾美特-KY,2,,,2570,2572,37455,1,,,1,,37455,, 
1702,南僑,2,2,2,404,402,73533,,,,1,1,73533,, 
1707,葡萄王,,,,225,225,37034,,,,4,4,37034,, 
1708,東鹼,134,239,1,5633,5527,62250,25,,,37,12,62250,1, 
1709,和益,19,14,,1761,1766,119254,1,,,1,,119254,, 
1710,東聯,222,110,,7650,7762,221425,10,,,10,,221425,, 
1711,永光,546,929,5,24703,24315,136938,40,57,,1683,1700,136938,30, 
1712,興農,7,,,411,418,105123,,,,,,105123,, 
1713,國化,2,9,,3095,3088,37737,,,,,,37737,, 
1714,和桐,305,300,,6977,6982,247956,,,,5,5,247956,20, 
1717,長興,820,1789,9,30421,29443,293061,52,671,,420,1039,293061,17, 
1718,中纖,212,133,33,12597,12643,421476,4,,,9,5,421476,5, 
1720,生達,3,19,,390,374,44674,,,,,,44674,5, 
1721,三晃,,,,129,129,,,,,,,,,OX 
1722,台肥,45,218,,4107,3934,245000,,,,1,1,245000,, 
1723,中碳,8,68,,888,828,59226,,,,,,59226,, 
1725,元禎,,4,8,278,266,45457,,,,,,45457,, 
1726,永記,,,,8,8,40500,,,,,,40500,, 
1727,中華化,1412,1494,,9902,9820,32004,183,23,,565,405,32004,27, 
1730,花仙子,1,,,7,8,15808,,,,,,15808,, 
1731,美吾華,,,,237,237,33228,,,,,,33228,, 
1732,毛寶,65,45,,485,505,10610,,,,,,10610,14, 
1733,五鼎,,1,,2639,2638,24987,,,,,,24987,, 
1734,杏輝,,1,,471,470,47549,,,,,,47549,, 
1735,日勝化,28,34,,835,829,24847,,,,2,2,24847,, 
1736,喬山,4,38,,2032,1998,75848,,1,,3,4,75848,1, 
1737,臺鹽,,,,35,35,50000,,,,,,50000,, 
1752,南光,,,,346,346,25247,,,,,,25247,, 
1760,寶齡富錦,10,10,,985,985,21434,,5,,7,12,21434,, 
1762,中化生,46,82,,863,827,19229,3,,,12,9,19229,, 
1773,勝一,51,75,,1427,1403,75000,,5,,5,10,75000,, 
1776,展宇,89,77,,861,873,15026,,,,,,15026,, 
1783,和康生,12,4,,862,870,20244,,,,,,20244,, 
1786,科妍,50,48,,5626,5628,18706,3,12,,5,14,18706,, 
1789,神隆,35,1,,2931,2965,197684,,,,,,197684,, 
1795,美時,191,210,4,9335,9312,66718,1,4,,19,22,66718,, 
1802,台玻,3071,2642,2,62202,62629,727015,155,151,,1802,1798,727015,168, 
1805,寶徠,10,,,1510,1520,33742,,,,,,33742,, 
1806,冠軍,110,8,,2808,2910,97600,,,,,,97600,, 
1808,潤隆,24,20,,5824,5828,223257,,,,,,223257,, 
1809,中釉,263,383,3,7168,7045,41760,11,3,,203,195,41760,189, 
1810,和成,143,65,,18679,18757,75575,,,,14,14,75575,11, 
1817,凱撒衛,11,2,,17,26,18150,,,,,,18150,, 
1903,士紙,11,,5,2851,2857,65009,,,,1,1,65009,, 
1904,正隆,41,59,,2344,2326,277068,,,,4,4,277068,, 
1905,華紙,91,297,4,9360,9150,275708,,,,8,8,275708,, 
1906,寶隆,4,,,7296,7300,37750,,,,,,37750,, 
1907,永豐餘,208,61,,23955,24102,415092,,,,,,415092,, 
1909,榮成,47,173,,8517,8391,331921,,,,1,1,331921,, 
2002,中鋼,301,829,4,41314,40782,3933715,7,2,,58,53,3933715,5, 
2006,東和鋼鐵,6,38,,1070,1038,182553,,,,10,10,182553,, 
2007,燁興,,,,5,5,,,,,,,,,OX 
2008,高興昌,,,,178,178,47713,,,,,,47713,, 
2009,第一銅,101,57,,6068,6112,89905,,2,,2,4,89905,, 
2010,春源,74,35,,2055,2094,161913,,,,2,2,161913,1, 
2012,春雨,1,2,,69,68,75540,,,,,,75540,, 
2013,中鋼構,2,,,1442,1444,50000,,,,,,50000,, 
2014,中鴻,,3,,2043,2040,,,,,,,,,OX 
2015,豐興,,,,37,37,145399,,,,,,145399,, 
2017,官田鋼,4,7,,7010,7007,111718,,,,10,10,111718,, 
2020,美亞,,2,,725,723,66757,,,,,,66757,, 
2022,聚亨,41,21,,1261,1281,84292,,,,1,1,84292,, 
2023,燁輝,5,,,3637,3642,469060,1,,,2,1,469060,, 
2024,志聯,,,,53,53,24375,,,,,,24375,, 
2025,千興,,,,,,,,,,,,,,OX 
2027,大成鋼,2225,1400,,31933,32758,646065,,20,,164,184,646065,, 
2028,威致,5,36,5,1176,1140,81428,,1,,,1,81428,1, 
2029,盛餘,5,9,,399,395,80295,,,,,,80295,, 
2030,彰源,91,125,10,2152,2108,70131,,,,7,7,70131,, 
2031,新光鋼,21,2,,1204,1223,80286,,,,8,8,80286,, 
2032,新鋼,8,8,,2725,2725,32630,,,,,,32630,, 
2033,佳大,10,12,63,2813,2748,20173,,,,,,20173,, 
2034,允強,53,25,,4718,4746,132248,,,,1,1,132248,, 
2038,海光,71,87,,5221,5205,48533,,,,1,1,48533,, 
2049,上銀,357,369,1,4652,4639,88448,13,6,1,132,124,88448,6, 
2059,川湖,27,9,5,473,486,23824,,,,2,2,23824,16, 
2062,橋椿,9,2,,1709,1716,49998,,,,,,49998,, 
2069,運錩,5,92,,696,609,41596,,1,,1,2,41596,, 
2101,南港,137,436,,26959,26660,183483,,30,,,30,183483,, 
2102,泰豐,,119,,4353,4234,118332,,,,,,118332,, 
2103,台橡,268,183,12,11951,12024,206427,,,,4,4,206427,, 
2104,國際中橡,116,22,4,20664,20754,246183,,,,7,7,246183,4, 
2105,正新,53,342,3,13594,13302,810353,,,,,,810353,, 
2106,建大,4,4,,2846,2846,238722,28,,,28,,238722,, 
2107,厚生,1,,,132,133,75898,,,,,,75898,, 
2108,南帝,46,90,4,2592,2544,123104,1,,,29,28,123104,, 
2109,華豐,,2,,774,772,69837,,,,,,69837,, 
2114,鑫永銓,4,1,,56,59,19497,,,,,,19497,, 
2115,六暉-KY,,6,1,791,784,26093,,,,,,26093,, 
2201,裕隆,44,63,,11520,11501,267500,,,,44,44,267500,6, 
2204,中華,13,14,3,2217,2213,138405,,,,,,138405,, 
2206,三陽工業,,5,,6871,6866,195918,,,,2,2,195918,, 
2207,和泰車,12,6,,99,105,139275,,,,,,139275,, 
2208,台船,,,,,,,,,,,,,,OX 
2211,長榮鋼,15,2,,675,688,104272,,,,1,1,104272,, 
2228,劍麟,5,5,1,1939,1938,19944,,,,2,2,19944,, 
2231,為升,43,75,,3349,3317,33982,1,8,,33,40,33982,, 
2233,宇隆,615,423,,8703,8895,15072,1,,,42,41,15072,200, 
2236,百達-KY,47,23,,11963,11987,15532,3,31,20,134,142,15532,, 
2239,英利-KY,2,6,,1558,1554,29428,,,,,,29428,, 
2241,艾姆勒,154,45,,4335,4444,26150,,,,9,9,26150,, 
2243,宏旭-KY,24,24,,772,772,17343,,,,,,17343,, 
2247,汎德永業,3,1,,119,121,20177,,,,1,1,20177,, 
2248,華勝-KY,2,2,,210,210,11900,,,,4,4,11900,, 
2250,IKKA-KY,2,2,,1296,1296,9097,,,,,,9097,, 
2254,巨鎧精密-創,1,,,2441,2442,15976,,,,,,15976,, 
2301,光寶科,843,2975,3,17808,15673,579193,14,30,1,429,444,579193,16, 
2302,麗正,165,320,,3785,3630,41575,2,45,,54,97,41575,10, 
2303,聯電,18614,19984,2,112157,110785,3144631,297,349,4,4967,5015,3144631,406, 
2305,全友,42,94,,3964,3912,51415,1,,,4,3,51415,3, 
2308,台達電,284,333,5,5323,5269,649385,15,5,,62,52,649385,16, 
2312,金寶,1150,1193,55,50274,50176,376445,165,5,1,555,394,376445,10, 
2313,華通,6428,7798,5,44515,43140,297955,308,157,,756,605,297955,208, 
2314,台揚,,,,,,,,,,,,,,OX 
2316,楠梓電,1055,1104,1,5630,5580,45685,6,55,,90,139,45685,19, 
2317,鴻海,1860,2337,27,47775,47271,3507162,68,59,,887,878,3507162,14, 
2321,東訊,,,,,,,,,,,,,,OX 
2323,中環,330,164,8,30712,30870,272337,1,,,21,20,272337,1, 
2324,仁寶,1100,531,110,51467,51926,1101786,69,13,,267,211,1101786,4, 
2327,國巨*,3900,7271,203,37314,33740,517866,302,86,,1549,1333,517866,41, 
2328,廣宇,289,571,5,19751,19464,129586,13,4,,102,93,129586,, 
2329,華泰,1115,2001,10,22979,22083,164744,15,12,,387,384,164744,1, 
2330,台積電,962,563,83,26571,26887,6483131,9,1,,116,108,6483131,1, 
2331,精英,87,42,1,10548,10592,139350,1,,,5,4,139350,, 
2332,友訊,84,81,58,19506,19451,150560,1,,,22,21,150560,, 
2337,旺宏,8351,11182,108,114099,111160,495313,1052,1553,,2993,3494,495313,75, 
2338,光罩,249,161,,6792,6880,75869,1,7,,22,28,75869,1, 
2340,台亞,333,93,,10238,10478,94655,3,27,,54,78,94655,, 
2342,茂矽,154,354,,5029,4829,39381,6,7,,133,134,39381,1, 
2344,華邦電,12085,17608,14,149474,143937,1125000,974,1117,7,3194,3330,1125000,132, 
2345,智邦,108,97,1,1641,1651,140279,,,,33,33,140279,, 
2347,聯強,25,22,,646,649,416986,,,,4,4,416986,, 
2348,海悅,4,16,,1754,1742,37974,,1,,18,19,37974,, 
2349,錸德,,,,,,,,,,,,,,OX 
2351,順德,1795,1737,,26167,26225,45535,37,,35,361,289,45535,24, 
2352,佳世達,140,118,1,13188,13209,395126,,2,,15,17,395126,2, 
2353,宏碁,2777,1293,,27028,28512,761963,,9,,1029,1038,761963,16, 
2354,鴻準,383,837,22,26771,26295,353621,13,3,,79,69,353621,5, 
2355,敬鵬,2189,3513,1,17063,15738,99373,37,284,,176,423,99373,3, 
2356,英業達,496,1241,2,22038,21291,896868,,17,,312,329,896868,24, 
2357,華碩,25,72,,2284,2237,185690,4,1,,41,38,185690,, 
2359,所羅門,665,772,,7698,7591,42867,27,48,,390,411,42867,13, 
2360,致茂,69,97,,1242,1214,106311,,,,59,59,106311,, 
2362,藍天,65,23,,2510,2552,155565,,,,4,4,155565,, 
2363,矽統,1165,1429,6,19998,19728,128747,16,12,,245,241,128747,31, 
2364,倫飛,15,21,,945,939,13097,,,,,,13097,, 
2365,昆盈,207,199,,10122,10130,55382,24,1,,54,31,55382,17, 
2367,燿華,3940,4036,6,43164,43062,176563,136,157,,1896,1917,176563,124, 
2368,金像電,382,172,6,4196,4400,129800,10,50,23,151,168,129800,4, 
2369,菱生,551,529,15,13884,13891,95025,11,2,,61,52,95025,1, 
2371,大同,1050,305,23,68852,69574,537708,3,108,,35,140,537708,1, 
2373,震旦行,,1,,54,53,59050,,,,,,59050,, 
2374,佳能,1020,1058,27,22749,22684,84143,14,4,,62,52,84143,7, 
2375,凱美,353,944,,6143,5552,27168,14,19,,251,256,27168,1, 
2376,技嘉,1686,3164,1,12392,10913,167472,63,15,,242,194,167472,34, 
2377,微星,1412,2099,1,22906,22218,211214,9,89,,198,278,211214,4, 
2379,瑞昱,47,125,5,2780,2697,128878,,,,7,7,128878,, 
2380,虹光,,,,,,,,,,,,,,OX 
2382,廣達,985,259,21,11247,11952,965656,215,7,,950,742,965656,1, 
2383,台光電,62,123,1,2017,1955,89580,,,,46,46,89580,, 
2385,群光,46,27,,1990,2009,190013,,,,3,3,190013,, 
2387,精元,4,3,,1735,1736,48812,,,,1,1,48812,, 
2388,威盛,373,365,7,14795,14796,138988,22,31,,342,351,138988,1, 
2390,云辰,60,17,,2643,2686,48154,3,1,,4,2,48154,, 
2392,正崴,121,161,20,6278,6218,128081,3,9,,11,17,128081,2, 
2393,億光,80,137,,2373,2316,110848,1,,,5,4,110848,5, 
2395,研華,90,114,,1966,1942,217063,,2,,16,18,217063,1, 
2397,友通,34,11,1,1373,1395,28672,,,,,,28672,, 
2399,映泰,961,817,,9489,9633,44525,54,9,,328,283,44525,25, 
2401,凌陽,298,123,,9872,10047,147998,5,8,,26,29,147998,20, 
2402,毅嘉,278,246,3,15372,15401,76884,4,16,,257,269,76884,5, 
2404,漢唐,104,358,,4031,3777,47646,,3,,15,18,47646,1, 
2405,輔信,170,86,,9154,9238,85856,30,,,32,2,85856,, 
2406,國碩,355,197,,13053,13211,87726,11,15,,200,204,87726,17, 
2408,南亞科,9139,13919,92,106919,102047,774656,524,490,3,1753,1716,774656,80, 
2409,友達,8482,9771,4,182542,181249,1886774,104,1179,3,14173,15245,1886774,129, 
2412,中華電,80,219,,469,330,1939361,1,2505,,7,2511,1939361,5, 
2413,環科,1285,1156,,5923,6052,31839,7,16,,112,121,31839,15, 
2414,精技,5,9,,188,184,40433,,,,,,40433,1, 
2415,錩新,6,4,,2392,2394,22500,,,,3,3,22500,, 
2417,圓剛,172,301,,4673,4544,39323,9,27,,46,64,39323,, 
2419,仲琦,58,350,2,7270,6976,80329,,,,16,16,80329,3, 
2420,新巨,197,30,,874,1041,38162,,,,,,38162,1, 
2421,建準,85,254,,6847,6678,71735,1,16,,19,34,71735,, 
2423,固緯,112,113,,528,527,36261,,,,,,36261,, 
2424,隴華,,,,,,,,,,,,,,OX 
2425,承啟,74,35,,2096,2135,24124,,2,,9,11,24124,, 
2426,鼎元,73,179,,18651,18545,75155,131,,1,141,9,75155,,X 
2427,三商電,146,12,,5825,5959,49499,,,,11,11,49499,, 
2428,興勤,220,164,281,3289,3064,32028,,4,,5,9,32028,, 
2429,銘旺科,,,,4546,4546,,,,,,,,,OX 
2430,燦坤,,4,,155,151,29200,,,,3,3,29200,, 
2431,聯昌,,13,1,2127,2113,,,,,,,,,OX 
2432,倚天酷碁-創,1,,,280,281,15465,,,,,,15465,, 
2433,互盛電,,,,9,9,36124,,,,,,36124,, 
2434,統懋,,,,23,23,2377,,,,,,2377,, 
2436,偉詮電,114,263,,9581,9432,50023,3,60,,2262,2319,50023,, 
2438,翔耀,,,,,,,,,,,,,,OX 
2439,美律,49,35,,3551,3565,63456,4,,,10,6,63456,, 
2440,太空梭,106,57,,771,820,25916,2,1,,3,2,25916,5, 
2441,超豐,1083,1395,,13003,12691,142211,33,8,,2109,2084,142211,3, 
2442,新美齊,85,103,,5434,5416,79113,,,,,,79113,, 
2444,兆勁,,,,,,,,,,,,,,OX 
2449,京元電子,1019,1013,25,23241,23222,305686,11,17,,123,129,305686,13, 
2450,神腦,1,15,1,107,92,64563,,,,4,4,64563,, 
2451,創見,235,704,,5272,4803,107673,33,6,,120,93,107673,9, 
2453,凌群,55,54,,2567,2568,25000,,,,1,1,25000,, 
2454,聯發科,1147,702,2,8946,9389,400976,21,8,,135,122,400976,582, 
2455,全新,78,141,,6996,6933,46226,43,296,,767,1020,46226,149, 
2457,飛宏,51,42,20,12354,12343,106193,2,3,,38,39,106193,, 
2458,義隆,117,760,,3647,3004,75970,17,2,,42,27,75970,, 
2459,敦吉,1,,,127,128,26398,,,,,,26398,1, 
2460,建通,,,,366,366,,,,,,,,,OX 
2461,光群雷,13,42,,4003,3974,47971,,2,,6,8,47971,, 
2462,良得電,20,1,1,2559,2577,30486,,,,5,5,30486,, 
2464,盟立,3189,2683,1,15521,16026,51587,221,118,26,1625,1496,51587,60, 
2465,麗臺,25,32,,2032,2025,17236,2,1,,14,13,17236,1, 
2466,冠西電,9,2,,5057,5064,40952,2,,,17,15,40952,, 
2467,志聖,131,146,,2119,2104,39188,8,4,7,78,67,39188,1, 
2468,華經,27,4,,3469,3492,17490,,10,,,10,17490,, 
2471,資通,12,14,,1433,1431,11813,,,,,,11813,, 
2472,立隆電,540,1189,,10025,9376,41183,21,4,,111,94,41183,8, 
2474,可成,127,51,,5967,6043,140342,,1,,6,7,140342,1, 
2476,鉅祥,949,1386,,28003,27566,54724,2,1,3,27,23,54724,, 
2477,美隆電,2,2,6,1300,1294,39643,,,,46,46,39643,, 
2478,大毅,2063,807,,3183,4439,36182,10,35,,117,142,36182,52, 
2480,敦陽科,6,6,,443,443,26590,,,,,,26590,, 
2481,強茂,5869,5676,7,17443,17629,95528,124,139,,839,854,95528,771, 
2482,連宇,7,8,2,2128,2125,19470,,,,,,19470,, 
2483,百容,10,6,,363,367,26972,,,,,,26972,, 
2484,希華,1278,1331,,12280,12227,39855,24,8,,66,50,39855,24, 
2485,兆赫,4298,4710,,21247,20835,79422,70,462,,1386,1778,79422,142, 
2486,一詮,9,66,21,19125,19047,58580,93,,2,103,8,58580,,X 
2488,漢平,3,,,572,575,19999,,,,,,19999,, 
2489,瑞軒,2625,2927,3,50274,49969,152500,33,60,,270,297,152500,119, 
2491,吉祥全,30,23,,1591,1598,20502,,,,14,14,20502,, 
2492,華新科,915,1631,2,14860,14142,121451,42,100,2,759,815,121451,1675, 
2493,揚博,96,145,,7449,7400,31699,21,,,26,5,31699,, 
2495,普安,210,235,,9785,9760,68387,3,,,30,27,68387,, 
2496,卓越,,,,40,40,4775,,,,,,4775,, 
2497,怡利電,19,45,,3249,3223,29521,,1,,1,2,29521,, 
2498,宏達電,1120,1462,1,31590,31247,209016,1309,144,,2115,950,209016,44, 
2501,國建,4,81,4,5198,5117,289890,10,,,11,1,289890,, 
2504,國產,27,57,,4000,3970,295000,3,,,4,1,295000,, 
2505,國揚,1,15,,2822,2808,95000,,,,,,95000,, 
2506,太設,4,1,,1906,1909,75125,,,,,,75125,, 
2509,全坤建,,,,656,656,56137,,,,,,56137,, 
2511,太子,19,,,3481,3500,405831,,,,,,405831,, 
2514,龍邦,10,13,,15838,15835,98682,,,,,,98682,, 
2515,中工,30,432,,30676,30274,401976,1,6,,41,46,401976,2, 
2516,新建,,,,,,,,,,,,,,OX 
2520,冠德,27,15,1,4202,4213,152371,,,,168,168,152371,, 
2524,京城,1,8,,3195,3188,91495,,,,1,1,91495,, 
2527,宏璟,14,2,,3267,3279,67576,,,,1,1,67576,, 
2528,皇普,4,,,5761,5765,108999,,,,,,108999,, 
2530,華建,7,25,,5467,5449,210313,,,,2,2,210313,, 
2534,宏盛,2,12,,12347,12337,118556,,,,,,118556,, 
2535,達欣工,6,3,,342,345,67698,,,,5,5,67698,, 
2536,宏普,,3,,6884,6881,83202,,,,,,83202,, 
2537,聯上發,43,53,10,3380,3360,75139,50,,,50,,75139,, 
2538,基泰,6,,,2560,2566,111256,,,,,,111256,, 
2539,櫻花建,3,46,,2990,2947,298275,,2,,20,22,298275,, 
2540,愛山林,83,96,6,2966,2947,236218,6,,,19,13,236218,4, 
2542,興富發,311,618,,9566,9259,543270,2,1,,263,262,543270,, 
2543,皇昌,329,183,2,12558,12702,132135,46,34,,100,88,132135,, 
2545,皇翔,,12,,2850,2838,94933,,,,2,2,94933,, 
2546,根基,1,,,72,73,32631,,,,,,32631,, 
2547,日勝生,60,27,,12488,12521,258773,,,,,,258773,, 
2548,華固,32,39,,1221,1214,79929,19,,,23,4,79929,, 
2597,潤弘,2,20,,1122,1104,77679,,,,10,10,77679,, 
2601,益航,,10,,1045,1035,,,,,,,,,OX 
2603,長榮,188,180,16,13655,13647,541260,,,1,14,13,541260,1, 
2605,新興,263,241,31,10535,10526,146338,4,4,,18,18,146338,, 
2606,裕民,36,120,,3906,3822,211263,1,,,53,52,211263,5, 
2607,榮運,2,5,,958,955,133392,,,,1,1,133392,, 
2608,嘉里大榮,,,,1270,1270,116750,,11,,,11,116750,, 
2609,陽明,904,893,5,35794,35800,873026,37,5,,132,100,873026,2, 
2610,華航,191,242,,51480,51429,1536247,5,,,117,112,1536247,, 
2611,志信,9,6,,2117,2120,47250,,,,4,4,47250,, 
2612,中航,11,28,63,2127,2047,49371,,,,,,49371,, 
2613,中櫃,11,3,2,1979,1985,37105,,,,3,3,37105,, 
2614,東森,45,29,,5482,5498,81816,,,,3,3,81816,, 
2615,萬海,531,1535,3,23700,22693,701536,1,90,,60,149,701536,5, 
2616,山隆,2,20,,471,453,34320,,,,2,2,34320,, 
2617,台航,29,29,,2068,2068,104323,,,,,,104323,, 
2618,長榮航,275,463,32,42594,42374,1350111,10,1,,43,34,1350111,2, 
2630,亞航,33,27,,6021,6027,52359,1,,,11,10,52359,, 
2633,台灣高鐵,23,59,,2663,2627,657073,,,,,,657073,, 
2634,漢翔,229,179,30,22388,22408,235466,4,,,10,6,235466,, 
2636,台驊控股,6,13,,735,728,35458,,,,1,1,35458,, 
2637,慧洋-KY,141,131,1,4328,4337,186602,2,,,415,413,186602,, 
2642,宅配通,3,3,,518,518,23866,,,,8,8,23866,, 
2645,長榮航太,21,81,,3449,3389,93642,2,,,2,,93642,, 
2646,星宇航空,52,51,,3630,3631,752183,,7,,28,35,752183,, 
2701,萬企,99,97,,1036,1038,112491,,,,,,112491,, 
2702,華園,,1,,423,422,39153,,,,,,39153,, 
2704,國賓,,,,212,212,91730,,,,,,91730,, 
2705,六福,,1,,547,546,46634,,,,,,46634,, 
2706,第一店,5,10,,865,860,124999,,,,,,124999,, 
2707,晶華,3,18,,168,153,31850,,,,,,31850,, 
2712,遠雄來,,,,9,9,,,,,,,,,OX 
2722,夏都,2,,,363,365,35792,,,,,,35792,, 
2723,美食-KY,2,13,6,2456,2439,45000,7,,,9,2,45000,, 
2727,王品,3,7,,466,462,20735,,,,1,1,20735,, 
2731,雄獅,16,9,,879,886,23319,,,,22,22,23319,, 
2739,寒舍,16,22,,1009,1003,22881,,,,,,22881,, 
2748,雲品,1,2,,918,917,26444,,,,,,26444,, 
2753,八方雲集,3,17,,712,698,16661,,,,,,16661,, 
2762,世界健身-KY,5,,,221,226,28125,,,,,,28125,, 
2801,彰銀,56,765,,17272,16563,2941511,1,,,11,10,2941511,1, 
2812,台中銀,56,720,,6067,5403,1505406,,,,1,1,1505406,2, 
2816,旺旺保,,20,,325,305,55902,,,,,,55902,, 
2820,華票,,2,,1002,1000,335740,,,,,,335740,, 
2832,台產,,,,377,377,63385,,,,,,63385,, 
2834,臺企銀,383,118,1,8401,8665,2429515,,,,3,3,2429515,, 
2836,高雄銀,3,10,,6007,6000,459979,,,,,,459979,, 
2838,聯邦銀,25,10,,800,815,1085137,,,,4,4,1085137,, 
2845,遠東銀,40,744,,6411,5707,1216321,,,,28,28,1216321,, 
2849,安泰銀,,,,89,89,223623,,,,,,223623,, 
2850,新產,11,12,,189,188,78990,,,,,,78990,2, 
2851,中再保,88,84,,642,646,200097,,,,1,1,200097,, 
2852,第一保,1,5,,422,418,75290,,,,,,75290,, 
2855,統一證,212,190,1,4433,4454,400353,,1,,64,65,400353,4, 
2867,三商壽,,,,,,,,,,,,,,OX 
2880,華南金,14,40,,4077,4051,3479241,,,,,,3479241,, 
2881,富邦金,135,538,,6539,6136,3501841,1,54,,92,145,3501841,3, 
2882,國泰金,105,573,,4413,3945,3667302,9,9,,1412,1412,3667302,1, 
2883,凱基金,993,628,10,14714,15069,4243711,,3,,20,23,4243711,5, 
2884,玉山金,97,322,,10158,9933,4043500,,,,4,4,4043500,, 
2885,元大金,32,141,,1566,1457,3332787,,,,35,35,3332787,, 
2886,兆豐金,105,93,,1046,1058,3708344,,8,,18,26,3708344,, 
2887,台新新光金,212,525,,49056,48743,6216599,,1,,979,980,6216599,, 
2889,國票金,13,24,,1778,1767,908390,,,,4,4,908390,, 
2890,永豐金,46,49,67,3547,3477,3623080,2,,,13,11,3623080,, 
2891,中信金,53,244,8,3257,3058,4919454,,1,,157,158,4919454,, 
2892,第一金,,146,,11246,11100,3594867,,6,,1,7,3594867,, 
2897,王道銀行,21,69,25,2332,2259,701339,,,,,,701339,, 
2901,欣欣,,,,548,548,18260,,,,,,18260,, 
2903,遠百,,17,,1798,1781,354235,,,,,,354235,, 
2904,匯僑,2,,,30,32,19458,,,,,,19458,, 
2905,三商,8,30,,9459,9437,277592,,,,,,277592,, 
2906,高林,4,3,,607,608,52279,,,,,,52279,, 
2908,特力,131,98,,13894,13927,127471,,,,,,127471,, 
2910,統領,,,,5,5,43850,,,,,,43850,, 
2911,麗嬰房,,,,,,,,,,,,,,OX 
2912,統一超,1,38,,519,482,259905,,,,1,1,259905,, 
2913,農林,51,19,4,6726,6754,176687,,1,,10,11,176687,, 
2915,潤泰全,101,41,61,9346,9345,276079,,1,,10,11,276079,, 
2929,淘帝-KY,,,,2060,2060,27373,,,,,,27373,, 
2939,永邑-KY,,,,215,215,11387,,,,,,11387,, 
3002,歐格,24,12,,2735,2747,25500,,1,,9,10,25500,1, 
3003,健和興,35,22,5,3626,3634,38913,,2,,9,11,38913,, 
3004,豐達科,270,129,,2665,2806,16091,1,2,,22,23,16091,5, 
3005,神基,304,130,5,4924,5093,156077,,,,12,12,156077,1, 
3006,晶豪科,3346,2403,6,27437,28374,74531,151,199,1,527,574,74531,95, 
3008,大立光,333,378,6,1522,1471,33367,1,24,,11,34,33367,, 
3010,華立,66,56,,1573,1583,64859,,,,,,64859,, 
3011,今皓,103,101,,4295,4297,29304,,4,,40,44,29304,, 
3013,晟銘電,99,87,5,11928,11935,51284,2,2,,24,24,51284,, 
3014,聯陽,122,100,,2675,2697,41496,,,,1,1,41496,2, 
3015,全漢,23,31,1,1632,1623,46815,,1,,,1,46815,, 
3016,嘉晶,82,372,1,6284,5993,72135,14,,,220,206,72135,52, 
3017,奇鋐,156,136,2,4409,4427,98135,8,6,,39,37,98135,1, 
3018,隆銘綠能,,,,6,6,,,,,,,,,OX 
3019,亞光,957,778,1,14441,14619,69810,9,36,,268,295,69810,14, 
3021,鴻名,8,6,,881,883,23722,,,,,,23722,, 
3022,威強電,56,10,,4774,4820,44149,,,,4,4,44149,, 
3023,信邦,137,310,,1828,1655,60017,,,,17,17,60017,1, 
3024,憶聲,854,239,4,8211,8822,69289,22,5,,74,57,69289,1, 
3025,星通,14,34,20,2366,2326,14184,,,,,,14184,, 
3026,禾伸堂,27,158,,11502,11371,41472,15,9,,203,197,41472,85, 
3027,盛達,3,6,,4904,4901,28740,8,,,13,5,28740,, 
3028,增你強,339,315,,3354,3378,59310,3,2,,35,34,59310,2, 
3029,零壹,26,32,,3304,3298,38751,1,1,,9,9,38751,1, 
3030,德律,244,733,6,11372,10877,59054,13,1,,158,146,59054,274, 
3031,佰鴻,85,49,,6517,6553,43300,20,,,89,69,43300,, 
3032,偉訓,122,58,,8424,8488,25821,2,1,,36,35,25821,5, 
3033,威健,1410,1714,,10137,9833,121318,32,1073,26,1322,2337,121318,25, 
3034,聯詠,86,64,1,3425,3446,152127,5,1,,24,20,152127,, 
3035,智原,745,871,4,19182,19052,65137,25,8,,176,159,65137,3, 
3036,文曄,632,514,9,6539,6648,317287,9,86,156,477,398,317287,4, 
3037,欣興,907,665,6,37078,37314,393882,27,45,,230,248,393882,89, 
3038,全台,28,12,,1299,1315,39351,,,,,,39351,, 
3040,遠見,60,15,,13840,13885,16556,3,,,10,7,16556,,@ 
3041,揚智,38,39,10,3534,3523,29268,,2,,8,10,29268,, 
3042,晶技,606,510,1,14357,14452,79498,1,8,,44,51,79498,2, 
3043,科風,4,14,,1255,1245,9743,,,,,,9743,, 
3044,健鼎,154,166,1,5645,5632,131401,2,5,,23,26,131401,1, 
3045,台灣大,16,441,,767,342,930815,,95,,,95,930815,, 
3046,建碁,7,15,,940,932,19612,,,,,,19612,, 
3047,訊舟,86,31,17,7082,7120,56190,3,2,,10,9,56190,, 
3048,益登,803,1262,,9535,9076,61207,32,34,,115,117,61207,59, 
3049,精金,,,,,,,,,,,,,,OX 
3050,鈺德,14,3,11,4034,4034,38746,,,,,,38746,, 
3051,力特,29,71,1,4761,4718,34159,,1,,13,14,34159,4, 
3052,夆典,6,8,,1477,1475,58311,3,,,3,,58311,, 
3054,立萬利,10,8,,920,922,20162,,,,2,2,20162,, 
3055,蔚華科,1559,759,,7722,8522,25610,27,170,,83,226,25610,22, 
3056,富華新,5,16,200,6563,6352,120138,,,,2,2,120138,, 
3057,喬鼎,,,,,,,,,,,,,,OX 
3058,立德,,,,1,1,,,,,,,,,OX 
3059,華晶科,498,774,,12128,11852,76929,30,2,,76,48,76929,23, 
3060,銘異,30,73,1,7423,7379,34390,2,,,58,56,34390,1, 
3062,建漢,535,279,15,11549,11790,82522,15,,,163,148,82522,41, 
3090,日電貿,877,3425,1,8611,6062,71891,,141,,93,234,71891,21, 
3092,鴻碩,23,8,,2322,2337,26662,1,,,8,7,26662,1, 
3094,聯傑,268,323,,2562,2507,20779,2,5,,20,23,20779,4, 
3130,一零四,,,,4,4,8297,,,,,,8297,, 
3135,凌航,279,211,1,1012,1079,23712,,1,,65,66,23712,155, 
3138,耀登,510,335,,3472,3647,14099,7,6,,22,21,14099,9, 
3149,正達,1658,2673,,26964,25949,53533,26,53,,2154,2181,53533,38, 
3150,鈺寶-創,2,,,216,218,11094,,,,,,11094,, 
3164,景岳,,,,277,277,21502,,,,,,21502,, 
3167,大量,809,433,,9833,10209,22503,1,37,1,107,142,22503,3, 
3168,眾福科,2,,,33,35,18774,,,,,,18774,, 
3189,景碩,3440,3170,2,26132,26400,131731,67,92,,496,521,131731,77, 
3209,全科,606,630,1,7624,7599,58847,2,42,,114,154,58847,23, 
3229,晟鈦,,,,,,,,,,,,,,OX 
3231,緯創,930,700,1,54190,54419,795103,23,5,,408,390,795103,1, 
3257,虹冠電,19,37,1,2540,2521,19955,,,,,,19955,,X 
3266,昇陽,3,,,504,507,88078,,,,,,88078,, 
3296,勝德,3,9,,1773,1767,24181,,,,,,24181,, 
3305,昇貿,2615,3102,7,12490,11996,36161,15,10,,124,119,36161,48, 
3308,聯德,,2,,639,637,15000,,,,1,1,15000,, 
3311,閎暉,10,2,2,3257,3263,25000,,,,,,25000,, 
3312,弘憶股,107,162,2,5059,5002,45656,14,1,,28,15,45656,, 
3321,同泰,,,,,,,,,,,,,,OX 
3338,泰碩,191,291,20,4724,4604,21977,20,,,33,13,21977,, 
3346,麗清,38,14,14,3651,3661,30307,6,,,6,,30307,, 
3356,奇偶,91,139,,1975,1927,19985,,,,66,66,19985,, 
3376,新日興,387,726,,12280,11941,48940,8,1,,20,13,48940,10, 
3380,明泰,197,126,,6668,6739,135429,5,,,18,13,135429,1, 
3406,玉晶光,378,332,,2132,2178,28185,5,2,,46,43,28185,8, 
3413,京鼎,103,222,,3573,3454,27690,,,,4,4,27690,, 
3416,融程電,10,21,,1158,1147,20123,,,,9,9,20123,, 
3419,譁裕,,,,1522,1522,,,,,,,,,OX 
3432,台端,,,,,,,,,,,,,,OX 
3437,榮創,74,121,36,3324,3241,36137,4,2,,30,28,36137,1, 
3443,創意,222,440,3,4740,4519,33502,20,1,,78,59,33502,1, 
3447,展達,24,14,2,2639,2647,19362,,10,,9,19,19362,, 
3450,聯鈞,454,725,4,17536,17261,36420,56,10,,854,808,36420,230, 
3481,群創,42761,64740,237,437216,415000,1997299,1945,879,,17999,16933,1997299,1218, 
3494,誠研,,,,,,,,,,,,,,OX 
3501,維熹,,,,643,643,29564,,,,5,5,29564,1, 
3504,揚明光,423,337,,2782,2868,28514,29,17,,127,115,28514,12, 
3515,華擎,33,33,11,2155,2144,30886,,,,7,7,30886,, 
3518,柏騰,64,86,,3747,3725,23440,9,,,59,50,23440,1, 
3528,安馳,66,45,,2532,2553,16659,,,,,,16659,, 
3530,晶相光,3,32,10,1346,1307,19368,,1,,1,2,19368,, 
3532,台勝科,38,102,5,5939,5870,96962,11,,,99,88,96962,83, 
3533,嘉澤,51,41,,1064,1074,28133,1,,,2,1,28133,, 
3535,晶彩科,1229,826,2,7476,7877,19763,56,214,2,187,343,19763,6, 
3543,州巧,143,475,22,7231,6877,27565,4,3,,24,23,27565,, 
3545,敦泰,93,166,,5017,4944,55287,,1,,48,49,55287,17, 
3550,聯穎,193,217,,13654,13630,26887,1,1,,16,16,26887,, 
3557,嘉威,2,1,,402,403,17999,,9,1,1,9,17999,, 
3563,牧德,313,302,,7137,7148,12300,2,,,20,18,12300,5, 
3576,聯合再生,,,,,,,,,,,,,,OX 
3583,辛耘,158,284,1,2499,2372,20086,17,24,,751,758,20086,, 
3588,通嘉,81,45,,1413,1449,15498,,,,2,2,15498,, 
3591,艾笛森,680,380,,24709,25009,36346,1,2,,14,15,36346,17, 
3592,瑞鼎,17,39,1,921,898,18963,,,,,,18963,, 
3593,力銘,,,,,,,,,,,,,,OX 
3596,智易,142,55,,1417,1504,55088,,1,,5,6,55088,, 
3605,宏致,218,173,,6900,6945,40963,5,7,,132,134,40963,3, 
3607,谷崧,20,20,,2402,2402,30415,,,,,,30415,, 
3617,碩天,16,69,,2031,1978,23691,,,,,,23691,1, 
3622,洋華,26,21,1,1858,1862,37831,,,,1,1,37831,, 
3645,達邁,877,808,,11484,11553,34188,131,36,,433,338,34188,16, 
3652,精聯,1,,,799,800,18774,,,,,,18774,, 
3653,健策,40,104,3,2983,2916,36683,13,1,,25,13,36683,25, 
3661,世芯-KY,105,67,3,4763,4798,19832,6,1,,89,84,19832,, 
3665,貿聯-KY,250,235,6,2815,2824,48769,3,6,,19,22,48769,, 
3669,圓展,35,8,10,789,806,23229,,,,,,23229,2, 
3673,TPK-KY,2469,2455,1,19419,19432,101665,1,142,,259,400,101665,27, 
3679,新至陞,,2,,144,142,15755,,,,,,15755,, 
3686,達能,,,,,,,,,,,,,,OX 
3694,海華,1033,891,,7226,7368,38732,,7,,3,10,38732,, 
3701,大眾控,113,119,3,9561,9552,53909,12,,,28,16,53909,, 
3702,大聯大,213,1221,2,5309,4299,419780,11,101,107,891,874,419780,, 
3703,欣陸,10,4,,1374,1380,205803,,,,,,205803,, 
3704,合勤控,136,540,,5317,4913,103861,,2,,35,37,103861,3, 
3705,永信,,13,,449,436,66605,,,,,,66605,, 
3706,神達,314,740,6,34304,33872,331803,3,9,,115,121,331803,15, 
3708,上緯投控,36,63,,4258,4231,24401,2,2,,298,298,24401,, 
3711,日月光投控,1051,672,86,7724,8017,1117643,26,264,,93,331,1117643,6, 
3712,永崴投控,33,69,20,2859,2803,61560,,17,,560,577,61560,1, 
3714,富采,982,628,25,33226,33555,166985,13,25,,516,528,166985,9, 
3715,定穎投控,625,1093,6,29854,29380,70893,14,157,,53,196,70893,6, 
3716,中化控股,9,7,,614,616,37441,,,,,,37441,, 
3717,聯嘉投控,274,95,,9134,9313,52017,15,10,53,934,876,52017,1, 
4104,佳醫,1,1,,153,153,47091,,,,1,1,47091,, 
4106,雃博,10,4,,497,503,25227,,,,,,25227,, 
4108,懷特,,,,,,,,,,,,,,OX 
4119,旭富,6,18,,727,715,29877,18,,,19,1,29877,, 
4133,亞諾法,9,,,1019,1028,15138,,,,,,15138,, 
4137,麗豐-KY,2,2,,1039,1039,20623,,,,,,20623,, 
4142,國光生,90,33,,6987,7044,107376,,,,,,107376,, 
4148,全宇生技-KY,1,26,,530,505,16808,,,,,,16808,, 
4155,訊映,29,39,,1046,1036,36203,,,,2,2,36203,, 
4164,承業醫,20,34,3,7316,7299,47647,,1,,1,2,47647,, 
4190,佐登-KY,,2,,300,298,15361,,,,,,15361,, 
4306,炎洲,34,300,,4626,4360,169189,,,,,,169189,, 
4414,如興,28,7,,850,871,53409,,,,,,53409,, 
4426,利勤,23,5,,1325,1343,43169,,,,,,43169,, 
4438,廣越,1,1,,799,799,28356,,,,,,28356,, 
4439,冠星-KY,,1,,235,234,9528,1,,,1,,9528,, 
4440,宜新實業,,,,88,88,16899,,,,,,16899,, 
4441,振大環球,14,2,,115,127,17043,,,,,,17043,, 
4526,東台,388,802,,8641,8227,63706,2,10,,222,230,63706,, 
4532,瑞智,13,14,1,2899,2897,123723,,,,1,1,123723,, 
4536,拓凱,130,78,,897,949,22705,,,,,,22705,, 
4540,全球傳動,1763,1515,,9321,9569,28796,9,38,,96,125,28796,38, 
4545,銘鈺,177,58,,1088,1207,19250,,1,,,1,19250,, 
4551,智伸科,55,172,,1737,1620,28805,,,,23,23,28805,1, 
4552,力達-KY,1,11,,2200,2190,29000,4,,,4,,29000,, 
4555,氣立,12,27,,2537,2522,17496,14,,,31,17,17496,, 
4557,永新-KY,1,4,,409,406,11992,,8,,,8,11992,, 
4560,強信-KY,9,,,264,273,17024,,,,,,17024,, 
4562,穎漢,271,810,4,3367,2824,21886,53,21,,190,158,21886,13, 
4564,元翎,107,376,2,12262,11991,58197,,1,,,1,58197,, 
4566,時碩工業,99,101,5,4945,4938,27498,,,,56,56,27498,, 
4569,六方科-KY,57,90,2,901,866,7650,1,,,1,,7650,, 
4571,鈞興-KY,813,936,,2879,2756,13254,6,1,,10,5,13254,3, 
4572,駐龍,,3,,291,288,10000,,,,,,10000,, 
4576,大銀微系統,249,661,1,4553,4140,29950,34,6,,319,291,29950,3, 
4581,光隆精密-KY,,,,80,80,8474,,,,,,8474,, 
4583,台灣精銳,49,21,,3900,3928,20042,1,,,28,27,20042,, 
4585,達明,144,133,,477,488,26152,,,,,,26152,1, 
4588,玖鼎電力,4,2,,378,380,10746,,,,4,4,10746,, 
4720,德淵,183,1026,,5911,5068,28629,11,4,,47,40,28629,1, 
4722,國精化,543,1028,,16866,16381,25696,27,33,,269,275,25696,4, 
4736,泰博,1,9,,281,273,23843,,,,,,23843,, 
4737,華廣,2,4,,692,690,19349,,,,,,19349,, 
4739,康普,380,209,30,6356,6497,30375,3,10,,93,100,30375,1, 
4746,台耀,18,6,,2336,2348,30063,,,,2,2,30063,, 
4755,三福化,8,5,,1601,1604,25176,,,,,,25176,, 
4763,材料*-KY,253,409,10,46575,46409,247286,5,3,,32,30,247286,1, 
4764,雙鍵,41,12,,5367,5396,21385,,,,4,4,21385,8, 
4766,南寶,39,100,17,3028,2950,30142,,,,,,30142,, 
4770,上品,5,23,,1330,1312,19994,,,,3,3,19994,, 
4771,望隼,75,149,,547,473,14677,,,,,,14677,4, 
4807,日成-KY,21,72,,1018,967,12249,,,,,,12249,, 
4904,遠傳,17,2,,630,645,878396,,,,,,878396,, 
4906,正文,1002,1051,2,29692,29641,111702,40,58,30,630,618,111702,3, 
4912,聯德控股-KY,75,199,1,4203,4078,16748,1,,1,14,12,16748,, 
4915,致伸,38,84,,5653,5607,117970,1,2,,12,13,117970,, 
4916,事欣科,555,570,,8967,8952,30976,45,12,,265,232,30976,, 
4919,新唐,1174,1795,3,20940,20316,104941,131,541,14,4318,4714,104941,21, 
4927,泰鼎-KY,1284,432,,33597,34449,66234,11,38,,458,485,66234,3, 
4930,燦星網,1,1,,3567,3567,20000,,,,,,20000,, 
4934,太極,,,,,,,,,,,,,,OX 
4935,茂林-KY,5,1,,393,397,32216,,,,,,32216,, 
4938,和碩,30,58,6,5517,5483,670541,,3,,15,18,670541,, 
4942,嘉彰,,9,,760,751,35591,,,,,,35591,, 
4943,康控-KY,,,,,,,,,,,,,,OX 
4949,有成精密,178,127,,4145,4196,16930,16,14,,223,221,16930,, 
4952,凌通,15,12,,1662,1665,27203,1,1,,2,2,27203,, 
4956,光鋐,290,255,10,6608,6633,25102,4,3,,115,114,25102,2, 
4958,臻鼎-KY,1678,1773,12,28185,28078,267649,23,107,,680,764,267649,43, 
4960,誠美材,1319,1400,83,20904,20740,142926,11,46,,400,435,142926,13, 
4961,天鈺,73,89,,2106,2090,30313,2,3,,10,11,30313,1, 
4967,十銓,451,408,6,10378,10415,22196,139,312,158,792,807,22196,4, 
4968,立積,69,26,,6361,6404,23052,2,1,,39,38,23052,1, 
4976,佳凌,131,141,,4536,4526,35337,15,4,,43,32,35337,2, 
4977,眾達-KY,222,276,4,8443,8385,20047,18,13,1,92,86,20047,5, 
4989,榮科,324,252,5,17645,17712,34444,16,31,,131,146,34444,4, 
4994,傳奇,3,1,1,2422,2423,16595,,,,,,16595,, 
4999,鑫禾,2,,,349,351,18604,,,,,,18604,, 
5007,三星,,,,8,8,73735,,,,,,73735,, 
5203,訊連,3,7,,1448,1444,19835,,,,2,2,19835,, 
5215,科嘉-KY,92,33,,825,884,16084,,,,1,1,16084,, 
5222,全訊,22,45,,2153,2130,22773,,,,19,19,22773,, 
5225,東科-KY,13,11,,1584,1586,19784,,,,21,21,19784,, 
5234,達興材料,50,15,,1602,1637,25678,,,,16,16,25678,, 
5243,乙盛-KY,809,449,,10486,10846,42132,15,32,,68,85,42132,1, 
5244,弘凱,11,29,,3166,3148,17060,,,,12,12,17060,1, 
5258,虹堡,605,257,,4583,4931,27591,44,6,,62,24,27591,6, 
5269,祥碩,109,98,4,3304,3311,18694,4,1,,19,16,18694,, 
5283,禾聯碩,,3,,114,111,21900,,,,,,21900,, 
5284,jpp-KY,98,153,,4994,4939,13223,1,1,,28,28,13223,, 
5285,界霖,298,265,,5002,5035,25510,,,,1,1,25510,5, 
5288,豐祥-KY,5,52,,2084,2037,17428,,,,,,17428,, 
5292,華懋,25,6,,1377,1396,10527,,,,1,1,10527,, 
5306,桂盟,3,1,,472,474,31500,,,,,,31500,, 
5388,中磊,381,565,3,7290,7103,76085,,4,,4,8,76085,3, 
5434,崇越,3,7,3,632,625,48414,,,,27,27,48414,, 
5469,瀚宇博,235,148,,15906,15993,121541,3,12,,63,72,121541,, 
5471,松翰,180,118,,3880,3942,41969,,3,,12,15,41969,, 
5484,慧友,,,,,,,,,,,,,,OX 
5515,建國,50,24,,1699,1725,50400,13,,,14,1,50400,, 
5519,隆大,2,10,,788,780,54799,,,,,,54799,, 
5521,工信,146,81,2,15151,15214,123070,,,,7,7,123070,3, 
5522,遠雄,12,25,,973,960,195399,,,,1,1,195399,, 
5525,順天,,2,,386,384,79526,,,,,,79526,, 
5531,鄉林,8,4,,2745,2749,244397,,,,,,244397,, 
5533,皇鼎,1,,,733,734,71311,,,,,,71311,, 
5534,長虹,13,3,,3612,3622,78831,,,,14,14,78831,, 
5538,東明-KY,3,2,,31,32,50300,,,,,,50300,, 
5546,永固-KY,,,,17,17,20588,,,,,,20588,, 
5607,遠雄港,33,,,1368,1401,92638,,,,,,92638,, 
5608,四維航,11,7,1,5000,5003,97319,,,,2,2,97319,, 
5706,鳳凰,16,3,,943,956,21227,,,,,,21227,, 
5871,中租-KY,61,67,101,5900,5793,427855,,,,4,4,427855,, 
5876,上海商銀,45,73,,1016,988,1215400,,,,1,1,1215400,2, 
5880,合庫金,20,28,,2059,2051,3920234,,,,23,23,3920234,, 
5906,台南-KY,,,,245,245,8935,,,,,,8935,, 
5907,大洋-KY,48,68,,5652,5632,48882,,,,1,1,48882,, 
6005,群益證,84,287,,5451,5248,542727,3,2,,63,62,542727,, 
6024,群益期,1,1,,171,171,62484,,,,,,62484,, 
6108,競國,15,40,,2438,2413,38623,,,,2,2,38623,, 
6112,邁達特,45,4,4,3324,3361,30589,,,,5,5,30589,, 
6115,鎰勝,,1,,58,57,46915,,,,,,46915,, 
6116,彩晶,848,1457,,33076,32467,714663,506,67,6,1241,796,714663,15, 
6117,迎廣,33,31,1,3791,3792,23140,5,,,79,74,23140,, 
6120,達運,118,79,,8583,8622,149749,,,,6,6,149749,, 
6128,上福,5,2,,113,116,31897,,,,,,31897,, 
6133,金橋,194,149,,3271,3316,29251,1,9,,3,11,29251,21, 
6136,富爾特,5,21,,2975,2959,28884,,,,2,2,28884,, 
6139,亞翔,821,729,,5328,5420,58893,3,5,,69,71,58893,53, 
6141,柏承,,,,54,54,,,,,,,,,OX 
6142,友勁,,,,,,,,,,,,,,OX 
6152,百一,,,,,,,,,,,,,,OX 
6153,嘉聯益,87,212,4,8954,8825,136837,2,38,,123,159,136837,1, 
6155,鈞寶,196,227,1,3224,3192,22005,33,3,,56,26,22005,8, 
6164,華興,99,12,,4099,4186,20000,,,,2,2,20000,, 
6165,浪凡,14,7,,8831,8838,19438,,,,,,19438,1, 
6166,凌華,148,464,,4649,4333,50767,6,3,,48,45,50767,4, 
6168,宏齊,113,65,1,4172,4219,51440,,,,7,7,51440,, 
6176,瑞儀,261,348,1,6201,6113,116256,,3,,4,7,116256,, 
6177,達麗,50,50,,3000,3000,117972,,,,4,4,117972,, 
6183,關貿,,,,13,13,37500,,,,,,37500,, 
6184,大豐電,,,,480,480,40531,,,,,,40531,, 
6189,豐藝,74,78,,2164,2160,65944,,2,,3,5,65944,, 
6191,精成科,605,571,14,23920,23940,124825,1,23,,15,37,124825,5, 
6192,巨路,41,18,2,859,880,24038,,,,,,24038,, 
6196,帆宣,79,86,,1893,1886,55082,,1,,31,32,55082,, 
6197,佳必琪,109,131,4,4600,4574,30521,,,,48,48,30521,3, 
6201,亞弘電,1,,,29,30,22300,,,,,,22300,, 
6202,盛群,72,41,,4293,4324,56542,1,1,,15,15,56542,, 
6205,詮欣,136,205,1,6763,6693,20558,6,3,,11,8,20558,, 
6206,飛捷,107,200,1,2491,2397,35765,1,,,12,11,35765,1, 
6209,今國光,3942,5937,,18383,16388,45155,25,88,,262,325,45155,59, 
6213,聯茂,513,468,5,13595,13635,90890,39,67,,629,657,90890,4, 
6214,精誠,21,27,1,1652,1645,68060,,,,2,2,68060,, 
6215,和椿,433,936,16,7240,6721,20697,14,5,,316,307,20697,4, 
6216,居易,4,21,,627,610,24324,,,,2,2,24324,, 
6224,聚鼎,36,141,,2334,2229,21411,1,,,15,14,21411,, 
6225,天瀚,,,,,,,,,,,,,,OX 
6226,光鼎,,,,,,,,,,,,,,OX 
6230,尼得科超眾,7,2,,580,585,21585,,1,,2,3,21585,, 
6235,華孚,50,8,1,4696,4737,49976,8,20,,31,43,49976,, 
6239,力成,3092,3667,13,18517,17929,189786,46,7,,150,111,189786,36, 
6243,迅杰,24,44,1,1687,1666,11317,1,,,4,3,11317,, 
6257,矽格,780,847,1,10909,10841,120978,17,46,1,101,129,120978,12, 
6269,台郡,70,43,15,6082,6094,80957,17,7,,119,109,80957,, 
6271,同欣電,710,188,13,7203,7712,52264,12,,,35,23,52264,5, 
6277,宏正,18,17,,419,420,29867,,,,,,29867,, 
6278,台表科,1804,2584,,17101,16321,73099,4,55,,211,262,73099,15, 
6281,全國電,7,,,96,103,24793,,,,,,24793,, 
6282,康舒,1296,1509,9,31761,31539,214007,8,29,,206,227,214007,54, 
6283,淳安,2,19,2,2619,2600,20632,1,,,2,1,20632,, 
6285,啟碁,3321,4816,3,16677,15179,120915,68,38,,492,462,120915,66, 
6405,悅城,18,88,39,6291,6182,16450,5,1,,107,103,16450,3, 
6409,旭隼,57,12,,2051,2096,21925,,,,3,3,21925,, 
6412,群電,131,129,10,2166,2158,100192,,4,,8,12,100192,5, 
6414,樺漢,51,111,1,1291,1230,36471,,7,3,157,161,36471,2, 
6415,矽力*-KY,1007,1093,7,5118,5025,97159,29,13,,150,134,97159,26, 
6416,瑞祺電通,26,30,,3425,3421,18337,,,,,,18337,, 
6426,統新,173,337,,5311,5147,9627,19,11,,39,31,9627,1, 
6431,光麗-KY,,,,,,,,,,,,,,OX 
6438,迅得,41,48,,4856,4849,20551,,,,13,13,20551,, 
6442,光聖,200,115,5,5267,5347,19759,19,3,,120,104,19759,2, 
6443,元晶,,317,,22359,22042,,29,,,5509,5480,,,OX 
6446,藥華藥,186,253,,8330,8263,94981,1,1,,22,22,94981,3, 
6449,鈺邦,538,391,,3711,3858,22974,148,6,,187,45,22974,238, 
6451,訊芯-KY,1027,1187,,11029,10869,28041,123,,41,544,380,28041,, 
6456,GIS-KY,754,520,9,14807,15032,84484,1,23,,70,92,84484,4, 
6464,台數科,,,,,,32195,,,,,,32195,, 
6472,保瑞,555,241,23,4499,4790,31933,13,5,,38,30,31933,1, 
6477,安集,30,24,,3908,3914,30946,1,,,2,1,30946,2, 
6491,晶碩,152,155,,642,639,19500,,,,1,1,19500,1, 
6504,南六,,,,107,107,18150,,,,,,18150,, 
6505,台塑化,164,126,,12159,12197,2381489,,1,,5,6,2381489,, 
6515,穎崴,22,23,,319,318,9010,2,2,,5,5,9010,1, 
6525,捷敏-KY,86,142,1,1216,1159,32261,,,1,2,1,32261,1, 
6526,達發,92,139,,1915,1868,41876,7,2,,9,4,41876,, 
6531,愛普*,745,1430,1,12908,12222,40711,40,121,,171,252,40711,5, 
6533,晶心科,60,30,,2282,2312,12662,2,2,,26,26,12662,2, 
6534,正瀚-創,5,,,5496,5501,25700,,,,,,25700,, 
6541,泰福-KY,14,3,6,3514,3519,66246,,,,1,1,66246,, 
6550,北極星藥業-KY,,,,,,,,,,,,,,OX 
6552,易華電,7,12,1,1514,1508,20750,,,,3,3,20750,, 
6558,興能高,41,38,1,3989,3991,21622,7,,,23,16,21622,1, 
6573,虹揚-KY,,,,,,,,,,,,,,OX 
6579,研揚,144,91,10,972,1015,42362,,,,4,4,42362,6, 
6581,鋼聯,,,,14,14,27817,,,,,,27817,, 
6582,申豐,3,,,369,372,26543,,,,,,26543,, 
6585,鼎基,7,14,,2022,2015,18033,,,,1,1,18033,, 
6589,台康生技,92,19,1,3402,3474,62970,2,,30,85,53,62970,1, 
6591,動力-KY,5,9,,2424,2420,10280,,,,3,3,10280,, 
6592,和潤企業,18,24,,667,661,155787,,,,6,6,155787,, 
6598,ABC-KY,,,,,,,,,,,,,,OX 
6605,帝寶,1,41,,2212,2172,41454,,,,,,41454,, 
6606,建德工業,,6,,562,556,27575,,,,,,27575,, 
6625,必應,10,23,,1039,1026,14493,,,,,,14493,, 
6641,基士德-KY,2,3,,176,175,9125,,,,,,9125,, 
6645,金萬林-創,,,,12,12,,,,,,,,,OX 
6655,科定,,,,1,1,20142,,,,,,20142,, 
6657,華安,9,9,1,2384,2383,22202,10,,,10,,22202,1, 
6658,聯策,401,258,5,2368,2506,9092,5,32,,70,97,9092,1, 
6666,羅麗芬-KY,2,1,,236,237,11847,,1,,,1,11847,, 
6668,中揚光,132,155,,3240,3217,19957,1,4,,1,4,19957,, 
6669,緯穎,89,72,8,2289,2298,46460,5,,,19,14,46460,, 
6670,復盛應用,1,5,,489,485,34846,,,,,,34846,, 
6671,三能-KY,2,,,66,68,15187,,,,,,15187,, 
6672,騰輝電子-KY,165,114,1,5729,5779,18588,7,1,202,608,400,18588,1, 
6674,鋐寶科技,,3,2,311,306,17174,,,,,,17174,, 
6689,伊雲谷,13,10,,1653,1656,17000,,2,,,2,17000,, 
6691,洋基工程,17,4,,1510,1523,30371,,1,,4,5,30371,, 
6695,芯鼎,131,587,,3441,2985,21614,15,,,25,10,21614,1, 
6698,旭暉應材,26,6,,1900,1920,16597,1,,,1,,16597,, 
6706,惠特,1522,959,1,9824,10386,19637,33,26,,394,387,19637,25, 
6715,嘉基,317,279,100,5307,5245,17008,4,3,,35,34,17008,4, 
6719,力智,509,474,,2023,2058,21120,,,,4,4,21120,9, 
6742,澤米,422,450,,2585,2557,17816,1,46,,34,79,17816,12, 
6743,安普新,3,15,,711,699,37500,,,,,,37500,, 
6753,龍德造船,62,31,1,5256,5286,29313,1,,,8,7,29313,, 
6754,匯僑設計,,1,,127,126,16500,,,,,,16500,, 
6756,威鋒電子,20,22,,646,644,17497,,,,3,3,17497,, 
6757,台灣虎航,23,37,,3591,3577,114882,,1,1,96,96,114882,, 
6768,志強-KY,106,18,1,1601,1688,50023,1,2,,6,7,50023,, 
6770,力積電,6301,9028,124,132225,129374,1069968,525,303,,3243,3021,1069968,230, 
6771,平和環保-創,,,,52,52,7794,,,,,,7794,, 
6776,展碁國際,5,12,,1082,1075,22895,,,,,,22895,, 
6781,AES-KY,88,62,1,3235,3260,21354,2,,,9,7,21354,, 
6782,視陽,63,40,,543,566,15750,,,,,,15750,, 
6789,采鈺,403,931,2,10258,9728,79574,43,23,,152,132,79574,35, 
6790,永豐實,2,1,,317,318,66782,,,,,,66782,, 
6792,詠業,25,33,,299,291,11968,,,,,,11968,, 
6794,向榮生技,2,,,222,224,12109,,,,,,12109,, 
6796,晉弘,3,1,1,307,308,10058,,,,,,10058,, 
6799,來頡,75,39,,1894,1930,10927,,,,,,10927,4, 
6805,富世達,138,52,,2791,2877,17138,,1,,7,8,17138,1, 
6806,森崴能源,,,63,1556,1493,,,,,,,,,OX 
6807,峰源-KY,,3,,136,133,13500,,,,,,13500,, 
6830,汎銓,61,80,,4627,4608,13361,13,15,,206,208,13361,2, 
6834,天二科技,1257,794,,3191,3654,22117,1,43,,82,124,22117,21, 
6835,圓裕,,28,,824,796,16543,,,,,,16543,, 
6838,台新藥,,,,2841,2841,,3,,,13,10,,,OX 
6854,錼創科技-KY創,141,37,,4164,4268,29419,,4,,3,7,29419,, 
6861,睿生光電,7,84,2,3446,3367,10399,28,14,,197,183,10399,33, 
6862,三集瑞-KY,32,45,1,1227,1213,12500,,4,,1,5,12500,, 
6863,永道-KY,12,28,,1073,1057,18722,5,,,6,1,18722,, 
6869,雲豹能源,92,61,1,3205,3235,34457,8,,,32,24,34457,, 
6873,泓德能源,37,38,,3834,3833,34591,5,,,19,14,34591,2, 
6885,全福生技,1,,,2390,2391,33254,,,,3,3,33254,, 
6887,寶綠特-KY,,,,1158,1158,18537,,,,,,18537,, 
6890,來億-KY,80,40,,2101,2141,62350,,,,4,4,62350,1, 
6901,鑽石投資,59,81,,3162,3140,213215,,,,,,213215,1, 
6902,GOGOLOOK,131,131,,554,554,8839,,,,2,2,8839,1, 
6906,現觀科,4,1,1,574,576,8384,,,,,,8384,, 
6909,創控,32,205,5,2705,2527,16805,6,1,,11,6,16805,, 
6914,阜爾運通,1,,,359,360,16556,,,,,,16556,, 
6916,華凌,,11,,541,530,16875,,,,,,16875,, 
6918,愛派司,,1,,55,54,8642,,,,,,8642,, 
6919,康霈*,,,,,,,,,,,,,,OX 
6923,中台,,11,,1982,1971,22872,,,,,,22872,, 
6928,攸泰科技,5,,1,848,852,21500,,,,,,21500,, 
6931,青松健康,10,,,137,147,16538,,,,,,16538,, 
6933,AMAX-KY,17,23,,748,742,10596,1,,,1,,10596,, 
6936,永鴻生技,,2,,258,256,18201,,,,,,18201,, 
6937,天虹,47,29,1,2353,2370,16913,,,,13,13,16913,1, 
6944,兆聯實業,49,56,7,1253,1239,19171,,,,,,19171,, 
6949,沛爾生醫-創,14,28,,5346,5332,16395,,1,,2,3,16395,, 
6951,青新-創,,,,63,63,11500,,,,,,11500,, 
6952,大武山,,,,26,26,17086,,,,,,17086,, 
6957,裕慶-KY,32,3,,1011,1040,13878,,,,,,13878,, 
6958,日盛台駿,,,,93,93,100822,,,,,,100822,, 
6962,奕力-KY,145,85,,9688,9748,123099,6,2,,9,5,123099,1, 
6965,中傑-KY,,,,44,44,39084,,,,,,39084,, 
6994,富威電力,215,40,,2716,2891,18540,1,15,,29,43,18540,, 
7705,三商餐飲,2,7,,98,93,16516,,,,,,16516,, 
7721,微程式,21,14,,519,526,12592,,,,1,1,12592,, 
7722,LINEPAY,5,3,,359,361,17000,,,,10,10,17000,, 
7730,暉盛-創,69,5,,273,337,9199,,,,,,9199,, 
7732,金興精密,,,,46,46,16170,,,,,,16170,, 
7736,虎山,1,,,28,29,19000,,,,,,19000,, 
7740,熙特爾-創,9,,,1221,1230,13300,,,,2,2,13300,, 
7749,意騰-KY,74,59,,1428,1443,11621,,,,25,25,11621,, 
7750,新代,30,109,,520,441,17960,,,,,,17960,, 
7765,中華資安,3,9,,358,352,10170,,,,,,10170,, 
7788,松川精密,87,229,,1382,1240,19936,10,,,19,9,19936,1, 
7791,皇家可口,3,,,4,7,20000,,,,,,20000,, 
7799,禾榮科,2,12,,436,426,39498,,,,6,6,39498,, 
8011,台通,45,45,23,3833,3810,41480,,1,,10,11,41480,, 
8016,矽創,88,215,,1784,1657,30034,,,,6,6,30034,1, 
8021,尖點,1418,1549,,12474,12343,36435,19,194,,314,489,36435,44, 
8028,昇陽半導體,1059,1001,,12392,12450,44914,149,104,81,725,599,44914,13, 
8033,雷虎,186,232,,7269,7223,36239,28,14,,64,50,36239,, 
8039,台虹,1891,1807,4,15690,15770,65917,65,15,,303,253,65917,5, 
8045,達運光電,9,11,9,4861,4850,23760,,1,,,1,23760,, 
8046,南電,395,559,5,9479,9310,161541,24,33,,493,502,161541,9, 
8070,長華*,221,48,,5228,5401,181412,1,,252,799,546,181412,1, 
8072,陞泰,9,3,2,1917,1921,20000,,,,,,20000,, 
8081,致新,434,226,,1052,1260,21543,,,,1,1,21543,5, 
8101,華冠,,,,,,,,,,,,,,OX 
8103,瀚荃,179,100,1,4721,4799,19609,1,1,,18,18,19609,, 
8104,錸寶,109,53,,4199,4255,26014,,,,24,24,26014,, 
8105,凌巨,333,661,,7590,7262,72140,7,18,,83,94,72140,17, 
8110,華東,961,350,1,21446,22056,129434,23,70,,132,179,129434,8, 
8112,至上,1402,912,2,18796,19284,131323,6,14,,398,406,131323,3, 
8114,振樺電,208,180,,4665,4693,19121,2,,,9,7,19121,29, 
8131,福懋科,362,369,10,7425,7408,110555,3,8,,9,14,110555,, 
8150,南茂,990,1437,28,15158,14683,176130,59,22,,204,167,176130,13, 
8162,微矽電子-創,95,57,,1196,1234,17175,,,,1,1,17175,, 
8163,達方,246,447,3,2670,2466,70000,3,2,,19,18,70000,3, 
8201,無敵,,,,,,,,,,,,,,OX 
8210,勤誠,144,84,,2140,2200,31329,3,6,,40,43,31329,, 
8213,志超,48,7,,4837,4878,67810,,2,,5,7,67810,, 
8215,明基材,49,76,,4024,3997,80168,,2,,397,399,80168,1, 
8222,寶一,16,45,,3966,3937,17143,,,,,,17143,, 
8249,菱光,494,594,,4767,4667,28587,,66,,8,74,28587,14, 
8261,富鼎,354,1096,4,7805,7059,20969,3,4,,43,44,20969,4, 
8271,宇瞻,261,286,,4256,4231,30522,59,18,,139,98,30522,5, 
8341,日友,,7,,338,331,32500,,,,,,32500,, 
8367,建新國際,2,,,27,29,23043,,,,,,23043,, 
8374,羅昇,612,1132,,2883,2363,22312,113,6,,210,103,22312,2, 
8404,百和興業-KY,18,26,,3757,3749,104983,,,,,,104983,, 
8411,福貞-KY,,,,24,24,54601,,,,,,54601,, 
8422,可寧衛*,159,219,13,32221,32148,339550,7,1,,114,108,339550,, 
8429,金麗-KY,52,51,,13157,13158,46436,,,,,,46436,, 
8438,昶昕,206,145,,6944,7005,17485,15,1,,49,35,17485,, 
8442,威宏-KY,1,6,,714,709,17542,,,,12,12,17542,, 
8443,阿瘦,,,,34,34,,,,,,,,,OX 
8454,富邦媒,134,59,,1005,1080,66243,,,1,7,6,66243,, 
8462,柏文,,,,1037,1037,20098,,,,,,20098,, 
8463,潤泰材,,11,,159,148,37500,,,,,,37500,, 
8464,億豐,1,2,,176,175,73255,,4,,,4,73255,, 
8466,美吉吉-KY,13,23,,675,665,19956,2,,,3,1,19956,, 
8467,波力-KY,,1,,316,315,12093,,,,2,2,12093,, 
8473,山林水,38,18,,1696,1716,42631,,,,3,3,42631,, 
8476,台境*,2,23,,9562,9541,41556,,,,11,11,41556,, 
8478,東哥遊艇,9,13,4,1033,1025,23493,2,,,2,,23493,, 
8481,政伸,1,1,,7,7,16650,,,,,,16650,, 
8482,商億-KY,,,,190,190,26861,,,,,,26861,, 
8487,愛爾達-創,2,15,,36,23,6633,,,,,,6633,, 
8488,吉源-KY,8,,,13,21,18375,,,,,,18375,, 
8499,鼎炫-KY,16,7,,627,636,10291,,,,73,73,10291,, 
8926,台汽電,249,1409,,4737,3577,182570,37,78,,576,617,182570,8, 
8940,新天地,7,5,,56,58,16872,,,,,,16872,, 
8996,高力,55,175,1,4751,4630,23373,2,3,,127,128,23373,, 
9103,美德醫療-DR,46,155,,4110,4001,51382,3,10,,3,10,51382,3, 
910322,康師傅-DR,,,,,,,,,,,,,,OX 
9105,泰金寶-DR,602,348,98,53453,53609,407572,,,,,,407572,, 
910861,神州-DR,,,,,,,,,,,,,,OX 
911868,同方友友-DR,,,,,,,,,,,,,,OX 
912000,晨訊科-DR,22,,,9400,9422,39823,,,,,,39823,, 
9136,巨騰-DR,2023,1154,,10364,11233,36072,,40,,,40,36072,3, 
9802,鈺齊-KY,27,24,1,2364,2366,50247,,,,16,16,50247,, 
9902,台火,12,11,,3496,3497,24512,,,,,,24512,, 
9904,寶成,1043,70,,17752,18725,736696,12,,,116,104,736696,, 
9905,大華,,,,265,265,76250,,,,,,76250,, 
9906,欣巴巴,,5,49,390,336,22594,,,,6,6,22594,, 
9907,統一實,197,23,35,3574,3713,394786,,,,9,9,394786,, 
9908,大台北,,26,,232,206,129089,,,,,,129089,, 
9910,豐泰,39,6,,3511,3544,246870,,5,,2,7,246870,, 
9911,櫻花,2,1,,339,340,55597,,,,,,55597,, 
9912,偉聯,,,,,,,,,,,,,,OX 
9914,美利達,73,83,,2964,2954,74745,21,11,,87,77,74745,, 
9917,中保科,,11,,66,55,112799,,,,,,112799,, 
9918,欣天然,,4,,128,124,45134,,,,,,45134,, 
9919,康那香,28,21,,8406,8413,48840,,4,,1,5,48840,, 
9921,巨大,34,336,,2406,2104,98016,1,,,34,33,98016,, 
9924,福興,,,,696,696,37690,,,,,,37690,, 
9925,新保,,,,7,7,96872,,,,,,96872,, 
9926,新海,,4,,20,16,44876,,,,,,44876,, 
9927,泰銘,,,,46,46,30000,,,,,,30000,, 
9928,中視,1,2,,296,295,15481,,,,,,15481,, 
9929,秋雨,,,,,,,,,,,,,,OX 
9930,中聯資源,,,,13,13,62135,,,,,,62135,, 
9931,欣高,,1,,113,112,30092,,,,,,30092,, 
9933,中鼎,53,194,,4555,4414,225102,,5,,19,24,225102,, 
9934,成霖,6,6,,4577,4577,102754,,,,1,1,102754,, 
9935,慶豐富,42,7,,1104,1139,44459,,,,,,44459,, 
9937,全國,,,,149,149,77260,,,,,,77260,, 
9938,百和,21,11,20,3502,3492,74490,,,,5,5,74490,, 
9939,宏全,131,59,,1113,1185,73946,,3,,1,4,73946,, 
9940,信義,1,7,4,970,960,184211,,,,1,1,184211,, 
9941,裕融,29,35,,1183,1177,143909,,,,3,3,143909,, 
9942,茂順,,5,,85,80,20790,,,,,,20790,, 
9943,好樂迪,3,,,94,97,31292,,,,,,31292,, 
9944,新麗,163,158,,5501,5506,26477,,,,,,26477,, 
9945,潤泰新,198,274,6,21990,21908,711056,,,,13,13,711056,2, 
9946,三發地產,18,20,3,1638,1633,81638,1,,,1,,81638,, 
9955,佳龍,6,6,,1371,1371,26108,1,,,39,38,26108,, 
9958,世紀鋼,248,75,,8586,8759,61724,,,,16,16,61724,1, 
